customer_id,email,first_name,last_name,city,state,registration_date,customer_segment
CUST-000001,johnsonjoshua@example.org,Donald,Garcia,New Roberttown,CO,2024-07-31,Basic
CUST-000002,hoffmanjennifer@example.net,Amy,Robinson,Lisatown,WV,2025-10-04,Premium
CUST-000003,jpeterson@example.org,Susan,Rogers,South Colinstad,PA,2024-09-03,Premium
CUST-000004,blairamanda@example.com,Christian,Carter,Barbaraland,AZ,2025-06-20,Basic
CUST-000005,tracie31@example.com,Joshua,Reid,Franciscostad,IL,2025-06-26,Standard
CUST-000006,lynchgeorge@example.net,John,Ford,Veronicaside,IN,2025-07-07,Premium
CUST-000007,perezantonio@example.com,Richard,Jones,Jasonfort,MO,2025-11-30,Premium
CUST-000008,ithomas@example.org,Julie,Ryan,Hurstfurt,MN,2024-08-01,Premium
CUST-000009,williamdavis@example.org,Michelle,Hernandez,Port Erin,PA,2024-04-09,Basic
CUST-000010,dcarlson@example.net,John,Tran,Lake Jenniferside,WV,2024-09-05,Premium
CUST-000011,daniel62@example.com,Aaron,Bowen,Teresaburgh,NY,2025-12-21,Basic
CUST-000012,meagan89@example.org,Eric,Farmer,New Mariotown,DE,2026-01-02,Basic
CUST-000013,john39@example.org,Christopher,Tucker,Port Amandaberg,DC,2025-06-19,Basic
CUST-000014,josephbrennan@example.com,Tamara,Hickman,Lake Larry,TN,2025-06-12,Premium
CUST-000015,clam@example.org,John,Brown,New Angelashire,IN,2024-02-28,Basic
CUST-000016,perezrebecca@example.com,Chad,Young,Lewisberg,VA,2026-01-06,Standard
CUST-000017,esanchez@example.com,James,Davis,Gomezchester,NH,2025-11-15,Premium
CUST-000018,nuneztracey@example.org,Bruce,Chandler,East Jamesside,NV,2024-06-04,Premium
CUST-000019,joshuawright@example.org,Scott,Callahan,North Deniseside,MP,2024-03-04,Premium
CUST-000020,housemelinda@example.org,Richard,Olson,Barreraburgh,MS,2024-02-24,Premium
CUST-000021,ybaker@example.com,Justin,Horton,Mooreport,IL,2026-01-31,Premium
CUST-000022,adkinsbrian@example.net,Thomas,Calhoun,North Susan,CO,2025-11-06,Basic
CUST-000023,larsonemma@example.org,Richard,David,New Brooke,RI,2024-04-22,Basic
CUST-000024,sarah35@example.org,Joseph,Anderson,Stephenland,AL,2025-01-23,Premium
CUST-000025,jonesjason@example.com,David,Bailey,East Mikeburgh,NV,2025-10-24,Basic
CUST-000026,cheryl80@example.net,Lisa,Evans,East Josephville,WA,2025-04-02,Premium
CUST-000027,juan35@example.org,Grace,Farrell,Kington,CO,2025-05-31,Basic
CUST-000028,bradley52@example.net,Tina,Martin,Arnoldchester,OH,2024-03-01,Basic
CUST-000029,landryhannah@example.org,Amy,Davenport,South David,ME,2024-11-15,Basic
CUST-000030,nolanjason@example.org,Elizabeth,Gomez,Dicksonberg,IA,2025-11-16,Basic
CUST-000031,nicolejohnson@example.net,Sandra,Patton,Phambury,KY,2024-06-18,Standard
CUST-000032,reyesbenjamin@example.com,Jeffrey,Velasquez,Baileybury,IN,2024-03-11,Premium
CUST-000033,raymondramirez@example.org,Tammy,Ramirez,Frazierside,MA,2026-01-09,Standard
CUST-000034,wileyjose@example.net,Sydney,Baker,New Ryanmouth,NE,2025-05-11,Basic
CUST-000035,cruzbarbara@example.com,Bradley,Graham,West Ryan,TN,2025-12-27,Standard
CUST-000036,elizabeth14@example.net,Kyle,Ortiz,Terryside,DC,2024-07-12,Premium
CUST-000037,lbyrd@example.net,Ashley,Sullivan,West Justinchester,WY,2025-04-21,Premium
CUST-000038,steven73@example.net,Thomas,Santana,Lake Christopher,NY,2025-06-22,Basic
CUST-000039,clarence34@example.org,Lindsay,Hernandez,East Traceyland,NH,2024-12-21,Standard
CUST-000040,jennifercruz@example.com,John,Douglas,Port Michelleville,WI,2024-12-29,Standard
CUST-000041,lindadominguez@example.com,Brent,Wright,South Dennismouth,TN,2025-03-17,Standard
CUST-000042,stephanie79@example.net,Patricia,Simmons,Merrittfort,NV,2024-08-30,Premium
CUST-000043,maryramirez@example.net,Todd,Allen,Jonesport,IA,2024-09-08,Premium
CUST-000044,patricia12@example.org,Jesse,Benson,North Robert,MA,2025-03-25,Standard
CUST-000045,abrown@example.com,Rebecca,Silva,Port Nicoleshire,MS,2025-02-05,Premium
CUST-000046,kenneth66@example.net,Julie,Payne,South Jeffrey,NE,2025-02-12,Premium
CUST-000047,rrogers@example.com,Jennifer,Pittman,New Amanda,PW,2024-12-07,Standard
CUST-000048,millerroy@example.com,Hunter,Green,Jasonmouth,MA,2025-09-01,Premium
CUST-000049,aramirez@example.com,Mary,Ruiz,West Jeffreyland,WI,2026-01-22,Standard
CUST-000050,websterstefanie@example.org,Mary,Howell,East Thomas,DE,2025-04-10,Standard
CUST-000051,stevenscott@example.com,Gary,Lawson,Port Loriport,CT,2025-04-21,Basic
CUST-000052,barbara66@example.net,James,Vargas,North Heidi,ME,2025-11-05,Standard
CUST-000053,hoganashlee@example.org,Michael,Patterson,Caseymouth,AL,2025-11-05,Premium
CUST-000054,xgarcia@example.net,Patricia,Stevens,South Gregory,NC,2026-01-28,Basic
CUST-000055,christina87@example.com,Ryan,Simon,Marcusbury,MP,2026-01-06,Standard
CUST-000056,nicole37@example.net,Cheryl,Gray,South Melissaburgh,NM,2024-07-27,Basic
CUST-000057,matthew94@example.net,Alejandro,Vaughan,East Jenniferfort,OH,2025-08-30,Premium
CUST-000058,fbrewer@example.com,Laura,Davis,South Heather,ME,2025-06-22,Standard
CUST-000059,thomas85@example.com,Wendy,Pierce,Jacquelineview,ME,2024-08-24,Premium
CUST-000060,griffithleslie@example.net,Amanda,Gill,East Javier,NJ,2024-09-12,Basic
CUST-000061,tina34@example.org,Michael,Turner,West Brandon,AR,2025-04-02,Standard
CUST-000062,danamullins@example.org,Monique,Andrews,Mendozamouth,HI,2026-01-28,Basic
CUST-000063,shelley71@example.org,Richard,Jones,East Edwardshire,ME,2024-04-25,Basic
CUST-000064,davidduran@example.net,Caitlin,Montgomery,Hayesmouth,ME,2025-11-12,Standard
CUST-000065,ntorres@example.org,Chelsea,Singh,Lake Jason,TN,2024-04-22,Basic
CUST-000066,glennjones@example.org,Ricky,Norris,Carterbury,LA,2025-07-23,Premium
CUST-000067,ojones@example.com,Kristin,Weber,South Danny,IN,2025-06-10,Basic
CUST-000068,margaret10@example.org,Laura,Larson,Scottmouth,UT,2024-10-02,Premium
CUST-000069,gbender@example.net,Troy,Miller,South Jessicaview,AK,2024-04-29,Premium
CUST-000070,keyemily@example.com,Barbara,Hines,South April,NV,2025-12-23,Basic
CUST-000071,wendygraham@example.com,Tanya,Harrison,Cookville,PR,2024-06-19,Premium
CUST-000072,ssteele@example.net,Sierra,Cervantes,South Christopherview,MD,2024-05-17,Standard
CUST-000073,ahancock@example.net,Molly,Murray,East Aprilfort,SC,2025-01-11,Premium
CUST-000074,harrisandrea@example.com,Samuel,Wolfe,North Teresabury,VT,2024-06-17,Premium
CUST-000075,tranchristopher@example.org,Steven,Wilson,South Sarah,LA,2025-02-28,Premium
CUST-000076,robert77@example.org,Stephen,Thomas,New William,FM,2024-06-01,Standard
CUST-000077,hillkristy@example.com,Matthew,French,Loriport,VA,2024-09-28,Standard
CUST-000078,cgrimes@example.net,Todd,Cook,Gibsonmouth,VI,2024-07-09,Standard
CUST-000079,ashleyhall@example.com,Bradley,Garner,Hughesberg,NM,2026-01-28,Basic
CUST-000080,waynelawrence@example.org,Morgan,Alexander,Smithberg,MT,2025-11-20,Standard
CUST-000081,charlesharrington@example.com,Matthew,Schwartz,Port Markside,MS,2026-01-20,Premium
CUST-000082,cbrennan@example.net,Casey,Welch,Wendyland,NE,2026-02-07,Standard
CUST-000083,wallaceheather@example.org,Brandon,Flynn,Michaelchester,FL,2024-08-19,Standard
CUST-000084,yknight@example.org,George,Miller,Harveybury,NM,2025-12-21,Premium
CUST-000085,jesselittle@example.com,Jonathan,Smith,Santanaside,GA,2024-04-16,Basic
CUST-000086,vanessa46@example.net,John,Bruce,South Melissa,CT,2024-08-14,Standard
CUST-000087,bailey40@example.net,Randy,Smith,New Julieport,WI,2025-09-28,Basic
CUST-000088,jeffery39@example.com,Erica,Le,Lake Colton,SC,2025-06-09,Basic
CUST-000089,kristina09@example.com,Jessica,Davis,Markchester,HI,2024-07-18,Basic
CUST-000090,alyssa42@example.com,Robin,Raymond,Juliemouth,AS,2024-05-17,Premium
CUST-000091,taylortammy@example.net,Jennifer,Whitney,Christopherfurt,AL,2024-09-03,Basic
CUST-000092,gibsonemily@example.net,Jose,James,Danielbury,NJ,2024-03-12,Basic
CUST-000093,rose31@example.net,Madison,Blankenship,Debraville,DC,2024-03-27,Premium
CUST-000094,torrestravis@example.org,Jimmy,Medina,Chavezside,MT,2025-04-27,Basic
CUST-000095,nicolepena@example.com,Christina,Crosby,Antoniostad,IL,2025-01-12,Basic
CUST-000096,melissagarcia@example.net,Michael,Winters,Bruceview,ID,2026-01-30,Premium
CUST-000097,ndavis@example.net,Danielle,Maddox,Port Matthewberg,WY,2025-04-10,Premium
CUST-000098,gallegosangela@example.net,Jason,Kane,Kimtown,KY,2025-11-11,Standard
CUST-000099,vanessafernandez@example.org,Daniel,Delacruz,North Michael,WY,2024-08-14,Standard
CUST-000100,alfred40@example.org,Judy,Fox,South Shanestad,NY,2025-05-01,Standard
CUST-000101,ngordon@example.org,Jessica,Kerr,Stephentown,AR,2026-02-21,Basic
CUST-000102,gsimmons@example.com,Jennifer,Wallace,West Charleneland,DC,2024-09-11,Basic
CUST-000103,oscar98@example.com,Shawn,Jacobs,Port Jacquelineside,VA,2025-11-16,Basic
CUST-000104,ohayes@example.com,Matthew,Chavez,Blairmouth,NE,2024-10-08,Premium
CUST-000105,nicholas27@example.org,Christopher,Miller,Davisstad,AS,2024-05-28,Basic
CUST-000106,willisanna@example.com,Elizabeth,Jenkins,Parrishton,LA,2025-05-06,Standard
CUST-000107,dale83@example.org,Diane,Walker,West Meganstad,DE,2025-09-02,Premium
CUST-000108,lindsaybruce@example.net,Christina,Day,New Sarahview,AK,2024-07-03,Premium
CUST-000109,sandra50@example.org,Molly,Knight,Jonestown,CO,2025-08-21,Premium
CUST-000110,nicholaschavez@example.org,Mitchell,Griffith,North Ericton,TX,2024-04-22,Standard
CUST-000111,fstanley@example.net,Scott,Nelson,West Russellport,TX,2025-07-02,Standard
CUST-000112,trose@example.org,Jeffrey,Joyce,North Jamesborough,WI,2024-06-02,Standard
CUST-000113,keith10@example.com,Julie,Thompson,Patelbury,NY,2025-04-06,Premium
CUST-000114,charles06@example.org,Steve,Miller,Barbarashire,MO,2025-07-25,Premium
CUST-000115,zroberts@example.org,Tammy,Jackson,Collierstad,CO,2025-01-07,Basic
CUST-000116,sanchezbrianna@example.net,Christian,Harrell,Jeffreyburgh,CA,2025-03-02,Basic
CUST-000117,schmidtjames@example.com,Michael,Mullen,East Curtis,KS,2024-07-16,Standard
CUST-000118,kathleenrios@example.org,Stephanie,Burton,Webstershire,NV,2025-07-04,Premium
CUST-000119,michelle52@example.com,Carlos,Ramos,Laurashire,AR,2024-11-06,Basic
CUST-000120,collinsshannon@example.org,Miguel,Mitchell,New Brookefurt,NH,2025-04-22,Standard
CUST-000121,colelisa@example.net,Jacob,Jacobs,North Shannon,AS,2025-12-11,Standard
CUST-000122,toni18@example.net,Gerald,Wright,Ritterhaven,NC,2025-05-13,Basic
CUST-000123,nathan46@example.com,Kim,Shelton,Port Crystalmouth,CA,2024-10-21,Standard
CUST-000124,umitchell@example.net,Tamara,Morrison,West Christopher,TN,2024-06-05,Premium
CUST-000125,kyle62@example.net,Jeanne,Miller,Schneidermouth,GU,2024-05-26,Standard
CUST-000126,lucasrodney@example.com,Andrew,Parker,West Stacey,NM,2024-07-12,Premium
CUST-000127,ericphillips@example.org,William,Fernandez,Lake Matthewberg,PA,2024-11-24,Premium
CUST-000128,henryschwartz@example.net,Lisa,Martin,Williamsstad,TX,2025-08-02,Basic
CUST-000129,wbishop@example.net,Kristen,Young,West Tammy,WY,2025-01-30,Basic
CUST-000130,michealvalentine@example.com,Steven,Campbell,Shawchester,GA,2025-10-12,Basic
CUST-000131,moniquewilliams@example.com,Morgan,Spencer,Lake Meghanville,LA,2024-04-24,Standard
CUST-000132,joshuawhitehead@example.org,Mariah,Davis,Port Shannon,MI,2026-01-03,Basic
CUST-000133,gbrown@example.com,Joe,Vang,Jeffreymouth,CT,2025-10-28,Basic
CUST-000134,lacey20@example.com,Samantha,Kennedy,Port Janice,NV,2025-05-17,Standard
CUST-000135,smithjason@example.org,Ana,Acosta,Rodriguezport,IA,2024-09-30,Basic
CUST-000136,allendanielle@example.net,Stephen,Rodriguez,Carlsontown,SC,2025-03-05,Standard
CUST-000137,jennifercarter@example.org,Christina,Allen,Lopezland,NC,2026-02-04,Standard
CUST-000138,ashleyamy@example.net,Angela,Myers,Williamsfurt,MN,2024-08-26,Premium
CUST-000139,kellycarlos@example.org,Jessica,Fuller,Dennisstad,ND,2024-10-27,Premium
CUST-000140,mariacohen@example.net,Timothy,White,North Jennifer,NH,2024-03-21,Basic
CUST-000141,bradleygonzalez@example.org,Leslie,Collins,Haysside,NJ,2024-08-26,Standard
CUST-000142,justinatkins@example.org,Michelle,Rivera,Port Michealfurt,WA,2025-01-09,Premium
CUST-000143,lmorgan@example.com,Heather,Richardson,Lauriechester,CO,2025-01-02,Premium
CUST-000144,amymorris@example.org,Mark,Phillips,Morrisonchester,GA,2025-07-11,Premium
CUST-000145,sergio59@example.com,Joshua,Whitney,North Emilyfurt,MN,2025-03-04,Premium
CUST-000146,stephaniethomas@example.net,Erika,Kim,North Joel,SD,2024-11-16,Basic
CUST-000147,cherring@example.net,Eric,Cole,Nathanland,OK,2024-06-02,Premium
CUST-000148,raymond43@example.org,Anthony,Lopez,Mcintyreville,KS,2025-09-11,Basic
CUST-000149,nlewis@example.com,Heather,Lutz,North Derek,CA,2025-01-18,Standard
CUST-000150,zosborn@example.net,Tammy,Downs,Jennaside,ND,2024-09-22,Basic
CUST-000151,melissa25@example.net,Jeffrey,Galloway,East Kristy,AK,2024-11-12,Premium
CUST-000152,tanner82@example.net,Nicole,Jones,Keyfort,NC,2024-12-19,Standard
CUST-000153,emorrow@example.org,Teresa,Day,Owenshaven,MI,2024-05-26,Standard
CUST-000154,katrinaanderson@example.net,Renee,Brown,New Ericburgh,GA,2024-10-15,Basic
CUST-000155,michaeleverett@example.com,Meghan,King,Davidport,RI,2025-03-18,Standard
CUST-000156,brittanycarpenter@example.org,Donna,Le,Meganshire,AZ,2025-10-18,Basic
CUST-000157,millerstacy@example.net,Joseph,Clark,Montgomerytown,NM,2025-12-03,Standard
CUST-000158,dawn47@example.org,Linda,Cohen,Shawnton,GA,2025-01-09,Basic
CUST-000159,vmarshall@example.net,Douglas,Hensley,Jessicastad,MO,2024-05-28,Premium
CUST-000160,zachary15@example.org,Steven,Adams,East Colin,LA,2026-01-14,Basic
CUST-000161,kwright@example.com,Sarah,Griffith,Port Erik,NY,2025-01-29,Basic
CUST-000162,tyler16@example.net,Stephen,Allen,Brandonport,NM,2025-05-04,Premium
CUST-000163,amitchell@example.org,Ryan,Khan,Kathrynstad,AZ,2024-12-11,Basic
CUST-000164,michaelroberts@example.com,William,Duran,Marciaville,DC,2026-02-04,Basic
CUST-000165,vbrooks@example.net,Sheila,Fischer,New William,NY,2024-03-23,Standard
CUST-000166,taylormason@example.com,April,Hernandez,West Sarah,MD,2024-06-20,Basic
CUST-000167,brittney88@example.net,Tracy,Hart,Cabrerastad,MA,2025-06-29,Standard
CUST-000168,ysilva@example.net,Monica,Soto,Bakershire,OK,2024-08-07,Premium
CUST-000169,silvageorge@example.net,Jennifer,Hampton,Hernandezbury,AZ,2025-04-16,Standard
CUST-000170,leescott@example.com,Edward,Vaughn,Shawfort,VI,2025-11-04,Standard
CUST-000171,thorntonapril@example.net,Mark,Bates,Edwardsburgh,NH,2025-12-20,Premium
CUST-000172,amy49@example.com,James,Wright,Jeffreyport,WI,2024-09-21,Standard
CUST-000173,hannahburns@example.com,Michael,Peck,Keithshire,TX,2025-03-26,Premium
CUST-000174,xcardenas@example.org,Kelly,Roberts,West Sandraview,WA,2025-02-07,Basic
CUST-000175,marianelson@example.net,Heather,Taylor,East Brent,MH,2025-03-17,Basic
CUST-000176,briangutierrez@example.net,Thomas,Maldonado,North Tamara,GA,2024-12-16,Standard
CUST-000177,mwoods@example.com,Manuel,Brewer,Lake Audreyside,WA,2025-08-04,Basic
CUST-000178,gentrygregory@example.org,Sarah,Johnson,Frenchburgh,WA,2026-01-26,Premium
CUST-000179,nancy04@example.net,Carrie,Hebert,Justinside,NC,2025-02-18,Basic
CUST-000180,melissamcdonald@example.org,Lisa,Rivera,Wongburgh,AL,2025-08-14,Premium
CUST-000181,ashley32@example.net,Melissa,Prince,Robertsonland,MO,2025-06-26,Basic
CUST-000182,tinawoods@example.org,Adam,Reyes,Molinamouth,ME,2025-04-23,Standard
CUST-000183,greenmichael@example.org,Bryan,Wilson,Erikhaven,MH,2025-12-02,Basic
CUST-000184,hannah45@example.net,Jeffrey,Bernard,Hernandezstad,MT,2025-07-20,Basic
CUST-000185,ztodd@example.net,Margaret,Gill,New Seanstad,CA,2025-12-24,Basic
CUST-000186,brownamy@example.net,James,Herrera,West Melissa,NV,2024-05-17,Premium
CUST-000187,jenniferburns@example.net,Sean,Brown,New Robert,OK,2024-04-05,Premium
CUST-000188,tchambers@example.net,Andrew,Scott,Lake Jefferyland,AZ,2024-12-28,Standard
CUST-000189,weaverbrian@example.org,Valerie,Kennedy,Robertberg,WI,2025-06-05,Premium
CUST-000190,ybrooks@example.com,Molly,Knox,Millerside,DC,2025-06-14,Basic
CUST-000191,david86@example.net,David,Irwin,Port Andrewport,NH,2025-06-29,Basic
CUST-000192,opatel@example.org,Steven,Moore,Lake Kathy,AZ,2025-10-06,Premium
CUST-000193,bmendez@example.org,Jamie,Garcia,South Carlaton,IA,2025-08-17,Basic
CUST-000194,igonzales@example.org,Karen,Parsons,New Victoria,IN,2025-10-11,Standard
CUST-000195,barbara53@example.com,Nancy,Odom,South Kevin,AR,2025-04-04,Standard
CUST-000196,conniesimmons@example.com,Brandon,Cooper,Floydmouth,UT,2024-12-23,Premium
CUST-000197,kevinwhite@example.net,Thomas,Atkinson,Meredithberg,AS,2025-01-26,Premium
CUST-000198,harttammy@example.net,Alyssa,Price,Jamesland,NV,2025-11-03,Standard
CUST-000199,nicholsmaria@example.org,Joseph,Nunez,Port Charlesshire,VA,2025-06-27,Standard
CUST-000200,timothybooth@example.com,Kevin,Stout,East Suzanne,DE,2025-08-21,Premium
CUST-000201,srocha@example.net,Jane,Sanders,New Marc,LA,2024-11-27,Premium
CUST-000202,kyle58@example.com,Steven,Lang,Gillmouth,PW,2024-07-20,Premium
CUST-000203,robert93@example.net,Dustin,Green,Phillipsborough,MA,2024-08-09,Basic
CUST-000204,victorpena@example.net,Matthew,Hines,Levyfort,NH,2024-06-24,Premium
CUST-000205,gary87@example.org,Sabrina,Weaver,New Arthurland,GU,2025-06-25,Premium
CUST-000206,gutierrezmegan@example.org,Carlos,Hernandez,New Stephen,AR,2025-05-19,Basic
CUST-000207,bhopkins@example.org,Amanda,Jenkins,New Jenniferside,LA,2024-03-06,Standard
CUST-000208,ldrake@example.org,Samantha,Warren,East Christine,KS,2025-10-10,Premium
CUST-000209,laura15@example.com,Stephen,Sanchez,West Gabriella,PR,2024-04-21,Basic
CUST-000210,davisnicholas@example.net,Thomas,Walsh,North Vincent,NE,2025-06-08,Premium
CUST-000211,ariel18@example.org,Jerry,Valenzuela,Nelsonland,TX,2025-12-30,Premium
CUST-000212,whitemelissa@example.org,Suzanne,Matthews,Hickmanport,GA,2025-04-10,Basic
CUST-000213,irhodes@example.com,Patrick,Singh,New Juliestad,AR,2024-05-04,Standard
CUST-000214,marypeterson@example.net,Stephanie,Sanders,Anthonyview,WY,2026-02-17,Basic
CUST-000215,jperez@example.com,Ryan,Frazier,Millerport,AS,2024-08-21,Premium
CUST-000216,millereric@example.net,Kristen,Moore,Stewartville,CO,2024-02-26,Standard
CUST-000217,sean41@example.org,Christopher,Jordan,Garcialand,MI,2025-04-03,Basic
CUST-000218,michelle04@example.com,Paul,Miller,New Adriana,TX,2024-11-27,Basic
CUST-000219,josephadams@example.org,Bryan,Hamilton,Evansland,MN,2024-08-24,Standard
CUST-000220,jennifersimpson@example.net,James,Rodriguez,Adamfurt,MA,2025-10-30,Premium
CUST-000221,vbrock@example.com,Matthew,Ochoa,West Malik,UT,2024-07-18,Basic
CUST-000222,gregory65@example.com,Jessica,Chen,West Nicholas,GU,2025-09-19,Basic
CUST-000223,daniel93@example.net,Wendy,White,Lake Stevenborough,NV,2025-09-28,Basic
CUST-000224,fuenteslaura@example.com,Emily,Taylor,Johnberg,VT,2024-12-28,Premium
CUST-000225,mjones@example.com,Brandi,Ferguson,Stephensstad,UT,2025-12-08,Basic
CUST-000226,rodriguezjohn@example.net,Michael,Holland,New Tonyafurt,WV,2024-10-22,Standard
CUST-000227,grodriguez@example.com,Jeffrey,Burgess,South Neil,NH,2025-09-09,Standard
CUST-000228,michaeljohnson@example.org,Kenneth,Knapp,North Marieberg,MI,2024-10-07,Basic
CUST-000229,hmueller@example.com,Michael,Davis,Floresport,AZ,2025-10-07,Basic
CUST-000230,johnsonmatthew@example.org,Erica,Martin,New Greg,GA,2024-10-21,Standard
CUST-000231,omullen@example.com,Crystal,Lopez,Fosterborough,NV,2025-04-30,Standard
CUST-000232,nsmith@example.org,Joshua,Padilla,New Cristianside,HI,2024-11-16,Basic
CUST-000233,stephenbaker@example.com,Allison,Fowler,Carrshire,DE,2024-11-03,Standard
CUST-000234,rwilliamson@example.net,Lauren,Sellers,Lake Dennisville,IA,2024-10-03,Premium
CUST-000235,nathanielthomas@example.com,Robert,Taylor,Hendersonfort,SC,2025-03-21,Premium
CUST-000236,angelaburns@example.org,Jacob,Wilkinson,Port Michaeltown,NM,2024-06-01,Premium
CUST-000237,gmaynard@example.net,Troy,Cohen,Mckinneymouth,NM,2024-06-24,Premium
CUST-000238,flynnjeffrey@example.org,Joshua,Medina,Port Stephen,WA,2025-09-09,Standard
CUST-000239,hdunn@example.net,Danny,Hampton,Amberton,WV,2025-08-01,Premium
CUST-000240,veronicagarcia@example.net,Karen,Evans,South Joseland,NV,2025-11-16,Basic
CUST-000241,rowejoel@example.net,Brianna,Bell,Martinberg,WY,2024-07-23,Basic
CUST-000242,lindahudson@example.net,Juan,Ryan,Tiffanyport,LA,2025-04-16,Premium
CUST-000243,taylorkaren@example.com,Samantha,Riddle,Lake Michelle,IA,2024-06-08,Basic
CUST-000244,maria67@example.org,Barbara,Adams,Brooksland,SC,2025-09-25,Premium
CUST-000245,powellkara@example.net,Sharon,Wood,Murphytown,VI,2025-09-10,Premium
CUST-000246,simonstephen@example.net,Heidi,Horn,Robinsonchester,GU,2024-07-26,Premium
CUST-000247,marcus45@example.net,Becky,Knight,Kramerton,AZ,2024-05-05,Basic
CUST-000248,ksmith@example.com,Stephen,Braun,Harrisberg,FM,2025-06-12,Basic
CUST-000249,nancymcdowell@example.org,Diamond,Wright,Elizabethburgh,AR,2024-12-08,Premium
CUST-000250,jessica36@example.net,Christopher,Davis,South Christian,OR,2024-08-06,Premium
CUST-000251,ssmith@example.com,Lisa,Mcneil,Bensonfort,CA,2024-08-08,Premium
CUST-000252,crosscurtis@example.com,Michael,Evans,Ayalaberg,SD,2026-02-17,Premium
CUST-000253,caseyelliott@example.net,Debra,Alexander,Lake Kaitlin,PW,2024-12-19,Standard
CUST-000254,fheath@example.org,Donald,Martinez,Bellchester,MD,2025-09-23,Premium
CUST-000255,joshuamiller@example.net,Carolyn,Griffith,Kimberlytown,PR,2025-11-03,Basic
CUST-000256,jamie98@example.org,Julie,Phillips,Port Rachaelbury,NM,2024-12-01,Premium
CUST-000257,victorwheeler@example.net,Pamela,Smith,Sarahberg,MS,2025-11-13,Standard
CUST-000258,rdiaz@example.org,Kathryn,Best,North Brendatown,KS,2024-07-29,Basic
CUST-000259,fryraymond@example.com,Courtney,Mason,Hendersonfurt,CO,2025-06-05,Standard
CUST-000260,joshuacollins@example.net,Samantha,Mccann,New Mark,OR,2025-05-31,Premium
CUST-000261,collinssamuel@example.org,Brian,Miller,Wilsonton,ME,2025-06-23,Basic
CUST-000262,davidzimmerman@example.net,Alexander,Crawford,Alexandraview,GA,2024-11-20,Premium
CUST-000263,jessica10@example.com,Lindsay,Nelson,West Jennifershire,SC,2024-04-19,Basic
CUST-000264,ddixon@example.com,Michele,Jackson,West Kerri,MH,2025-04-17,Basic
CUST-000265,perezwilliam@example.org,Michele,Smith,South Michaelberg,HI,2026-01-03,Basic
CUST-000266,tranrobin@example.net,Diana,Walker,South Ruth,MD,2024-09-08,Standard
CUST-000267,duncandavid@example.net,Rachel,White,South Caseymouth,VI,2024-09-16,Premium
CUST-000268,mark87@example.org,Miguel,Carter,Jodibury,NH,2024-11-18,Standard
CUST-000269,xcuevas@example.org,Jessica,Payne,East Adam,MT,2024-03-11,Standard
CUST-000270,cynthia05@example.org,Katherine,Bennett,Daltonhaven,IA,2024-12-25,Premium
CUST-000271,kaufmandouglas@example.com,Christopher,Morse,Haynesstad,NH,2026-02-04,Premium
CUST-000272,carpenterwilliam@example.net,Lori,Jones,South Elaineberg,IA,2024-09-23,Premium
CUST-000273,sara65@example.com,Shawn,Hall,East Kimberly,OR,2024-05-12,Basic
CUST-000274,martinsteven@example.com,David,Howard,South Kyle,KS,2025-11-07,Standard
CUST-000275,mooregina@example.net,Heidi,Williams,Eddiebury,MI,2024-12-08,Standard
CUST-000276,byrdjorge@example.org,Anthony,Sullivan,Hawkinsside,IA,2024-05-02,Standard
CUST-000277,laradonald@example.org,Bryan,Norman,East James,MO,2024-11-21,Standard
CUST-000278,aguilarjonathan@example.org,Andrew,Brown,Lambland,MH,2025-11-03,Standard
CUST-000279,david70@example.org,Sandra,Hamilton,Crawfordfurt,TX,2024-12-30,Basic
CUST-000280,jason24@example.com,Sean,Hernandez,Lake Kenneth,MT,2025-11-29,Premium
CUST-000281,rbrown@example.com,Derrick,Gonzalez,Lake Virginia,ND,2025-09-26,Basic
CUST-000282,wcasey@example.com,Amy,Washington,Paulburgh,AK,2024-10-13,Basic
CUST-000283,anthonycochran@example.com,Brian,Frey,Katiebury,GA,2024-05-06,Basic
CUST-000284,josephvelasquez@example.net,Brian,Davies,New Meghan,AS,2024-12-02,Premium
CUST-000285,gregorywatkins@example.net,Heidi,Sloan,Lake Jackieshire,OK,2024-06-05,Premium
CUST-000286,marycochran@example.com,Amber,Thompson,North Brianbury,AK,2025-03-13,Standard
CUST-000287,riverachristina@example.org,Matthew,Thompson,Brianberg,OR,2025-07-22,Basic
CUST-000288,kimmathis@example.com,Susan,Brooks,Willismouth,ME,2024-10-15,Standard
CUST-000289,jessicakim@example.net,Susan,Banks,Lake Tanya,UT,2025-12-04,Premium
CUST-000290,jeffrey92@example.com,Kurt,Barker,East Jessica,UT,2026-01-16,Premium
CUST-000291,xrosales@example.net,Antonio,Guzman,Lake Ariana,NM,2024-06-04,Premium
CUST-000292,youngtoni@example.org,Daisy,Mccarty,Seanview,IL,2024-08-23,Premium
CUST-000293,bellkristin@example.net,Aaron,Cruz,Costachester,NM,2025-11-28,Basic
CUST-000294,amy17@example.net,Debra,Mcdaniel,South Charles,PR,2024-03-18,Standard
CUST-000295,floresstephanie@example.org,Matthew,Barron,Lake Charles,MH,2026-02-06,Premium
CUST-000296,brooke97@example.net,Anthony,Dunlap,New Pamela,GA,2024-04-02,Standard
CUST-000297,jamie36@example.net,Angela,Frost,Donnaport,IA,2024-05-03,Premium
CUST-000298,farmstrong@example.org,Brian,Smith,West Madisonfort,ID,2024-05-03,Standard
CUST-000299,georgecarter@example.org,Thomas,Wilson,Ruizview,CO,2025-06-06,Standard
CUST-000300,ylopez@example.com,Jacob,Williams,Marshallbury,MP,2024-09-06,Premium
CUST-000301,hernandezheather@example.org,Christopher,Cooper,Arellanoshire,IN,2025-04-02,Premium
CUST-000302,acardenas@example.net,Gloria,Mayer,South Kent,MO,2025-12-13,Standard
CUST-000303,shawrachel@example.net,Erica,Oliver,Port Shaneburgh,IL,2025-10-05,Basic
CUST-000304,bradmiller@example.net,Ryan,Osborn,Port Brooke,MD,2025-12-19,Premium
CUST-000305,millerangela@example.net,Mark,Hill,Starktown,WY,2025-07-19,Premium
CUST-000306,jrodriguez@example.org,Ashley,Aguilar,North Annaville,WY,2024-09-19,Basic
CUST-000307,natalie46@example.net,Todd,Lynch,East Joshuaberg,RI,2025-05-12,Basic
CUST-000308,vwilliams@example.net,John,Reese,Pennytown,MA,2025-10-12,Premium
CUST-000309,larry71@example.org,Dennis,Mccann,Schroedermouth,KY,2025-08-08,Premium
CUST-000310,lopezjason@example.com,Joyce,Malone,Lorihaven,WY,2024-06-18,Premium
CUST-000311,jenna62@example.net,Natasha,Johnson,Port James,AR,2024-08-23,Premium
CUST-000312,xwilliams@example.net,James,Richardson,Wagnerville,TX,2024-03-16,Standard
CUST-000313,tracy72@example.com,Brenda,Bailey,Port Patricia,WA,2025-10-22,Standard
CUST-000314,mitchellpaul@example.org,Melissa,Chan,Port Jeffrey,IN,2025-07-02,Standard
CUST-000315,denise80@example.net,Alan,Buck,New Lauren,IN,2024-08-25,Premium
CUST-000316,jennifer46@example.com,Melissa,Stevens,South Kevin,NC,2025-10-17,Standard
CUST-000317,asilva@example.net,Yvonne,Levy,Annaport,ME,2025-07-07,Premium
CUST-000318,rbrown@example.net,Mark,Hill,Jacobhaven,WV,2024-08-16,Premium
CUST-000319,trujilloleah@example.net,Richard,Flores,Lake Anthony,NM,2026-02-21,Standard
CUST-000320,rebecca66@example.net,Austin,Erickson,West Jessica,IN,2025-07-08,Premium
CUST-000321,qknox@example.com,William,Bruce,West Connor,DC,2025-08-17,Standard
CUST-000322,staceylam@example.net,Christopher,Kelly,Robertmouth,MN,2024-08-31,Standard
CUST-000323,steven17@example.org,Michelle,Silva,South Pamelahaven,DE,2025-11-18,Standard
CUST-000324,amoreno@example.org,Monica,Hernandez,West Robert,OK,2025-12-06,Standard
CUST-000325,tthomas@example.org,Kimberly,Freeman,West Cynthia,AL,2025-01-18,Standard
CUST-000326,kathleenjackson@example.org,Tracy,Gallagher,East Christinachester,MO,2025-01-01,Basic
CUST-000327,creyes@example.net,James,Watson,West Katherinehaven,ID,2024-03-07,Basic
CUST-000328,simsjohn@example.net,Natalie,Collins,South Wesleyport,GA,2024-04-10,Basic
CUST-000329,evanskelly@example.net,Abigail,Warren,Barronberg,MA,2026-02-20,Basic
CUST-000330,mhoward@example.org,Stacy,Hull,Smithbury,VA,2026-02-11,Basic
CUST-000331,jessicalawrence@example.org,David,Dawson,South Nancyview,WI,2025-03-19,Standard
CUST-000332,wheelerbrandon@example.org,Desiree,Smith,South Seanville,OH,2024-08-25,Premium
CUST-000333,jamiejennings@example.org,Kevin,Stanley,Cindyberg,MT,2025-10-22,Premium
CUST-000334,huntchristine@example.com,Daniel,Rodriguez,New James,KS,2025-10-22,Standard
CUST-000335,michaelortiz@example.org,Benjamin,Crawford,Lake Sarah,MA,2024-08-12,Premium
CUST-000336,powersrebecca@example.net,Elizabeth,Hernandez,Port Williamville,MH,2024-08-28,Premium
CUST-000337,stephenmadden@example.com,Steven,Garcia,Port Benjamin,LA,2024-11-12,Basic
CUST-000338,ronald11@example.org,Alec,Taylor,West Michael,NV,2026-01-21,Basic
CUST-000339,natalie15@example.com,Ian,Morales,Nelsonfurt,UT,2025-11-05,Basic
CUST-000340,zbanks@example.org,Daniel,Horton,Port Erikchester,PW,2025-04-29,Premium
CUST-000341,ywhite@example.com,Cheryl,Huffman,South Samantha,DE,2025-12-02,Basic
CUST-000342,qwilliams@example.net,Leon,Bush,Lake Morgan,NC,2025-03-11,Standard
CUST-000343,reynoldsjessica@example.com,Michael,Rhodes,Hernandezside,MH,2026-02-14,Premium
CUST-000344,smithsarah@example.net,Melinda,Christian,North Karen,MD,2024-08-17,Premium
CUST-000345,brent38@example.net,Nicholas,Montoya,South Seanshire,NV,2024-04-27,Basic
CUST-000346,hwest@example.com,Julie,Smith,Gutierrezside,OH,2024-02-23,Standard
CUST-000347,connersylvia@example.net,Kevin,Romero,Lake Emily,MA,2024-11-14,Basic
CUST-000348,velasquezmegan@example.com,Ann,Harvey,Moranstad,VT,2025-01-18,Basic
CUST-000349,malonejeffrey@example.com,Michael,Schultz,Amystad,UT,2024-05-10,Premium
CUST-000350,travisunderwood@example.net,Jennifer,Rodriguez,East David,PR,2024-12-06,Premium
CUST-000351,msummers@example.net,Matthew,Sherman,Lake Maryshire,DE,2025-09-09,Basic
CUST-000352,lellis@example.net,Dennis,Porter,New Savannahshire,NJ,2025-12-29,Premium
CUST-000353,heatherthompson@example.org,Dale,Sandoval,Williamfurt,MT,2026-02-08,Premium
CUST-000354,joshuastuart@example.com,Shawn,Anderson,Morrisonhaven,ME,2025-10-31,Premium
CUST-000355,jennifer83@example.org,Jason,Klein,Samanthaberg,VT,2025-06-12,Basic
CUST-000356,williambenson@example.com,Jennifer,Hodges,Aguilarchester,TX,2025-08-22,Premium
CUST-000357,natalie60@example.net,Daniel,James,Lake Brianview,WV,2025-09-19,Basic
CUST-000358,frances20@example.net,Kristen,Harris,West Lisaville,RI,2025-11-18,Premium
CUST-000359,juliahoffman@example.org,William,Robles,Heatherton,MS,2024-12-02,Standard
CUST-000360,tammy00@example.net,John,Oliver,Greerstad,WV,2025-04-28,Premium
CUST-000361,kimberlybrandt@example.com,Shane,Lucero,East Sydneyhaven,DE,2024-11-24,Basic
CUST-000362,qramirez@example.org,Eugene,Singleton,West Stevenberg,AZ,2024-06-14,Premium
CUST-000363,candice94@example.com,Kristy,Pierce,Port Jasminehaven,IN,2026-01-22,Basic
CUST-000364,hartmanerik@example.net,Amanda,Davis,East Elizabeth,MA,2024-11-12,Basic
CUST-000365,stephaniemontgomery@example.com,Wendy,Colon,North Elizabethmouth,IA,2025-12-15,Premium
CUST-000366,susanfleming@example.com,Patrick,Hogan,South Jonathanport,AK,2025-12-20,Basic
CUST-000367,willie87@example.com,Bradley,Villanueva,West Willie,CT,2024-06-24,Premium
CUST-000368,simsjason@example.net,Kim,Hancock,Houstonborough,ND,2025-10-20,Standard
CUST-000369,elucas@example.net,Gina,Johnson,Benjaminland,AR,2024-07-02,Basic
CUST-000370,angela93@example.com,Rickey,Hayes,Hamiltontown,MS,2025-06-29,Basic
CUST-000371,maychristine@example.net,Brenda,Haynes,West Sarahville,LA,2025-09-20,Basic
CUST-000372,catherine47@example.com,Randall,Guerrero,Moorebury,DC,2025-08-21,Basic
CUST-000373,susan24@example.net,Olivia,Sanford,Susantown,OH,2025-11-23,Standard
CUST-000374,davidsmith@example.net,Phillip,Kelley,West Jasonstad,IL,2024-12-20,Standard
CUST-000375,eugenewalker@example.com,James,White,Port Karenside,NH,2025-06-08,Premium
CUST-000376,robertscarlos@example.org,James,Carpenter,Michaelbury,CT,2024-09-18,Basic
CUST-000377,mcculloughlouis@example.com,Mark,Hopkins,New Ashley,AS,2024-10-11,Basic
CUST-000378,ujackson@example.org,Kristen,Joseph,Hillstad,DC,2025-07-03,Standard
CUST-000379,natalie77@example.com,Kim,Tucker,East Debbieland,MP,2024-09-15,Premium
CUST-000380,patriciagonzalez@example.net,Olivia,Jones,North Melissatown,GU,2025-04-23,Standard
CUST-000381,nhammond@example.org,Andrea,Stephens,Valdezberg,MN,2024-12-05,Standard
CUST-000382,dennis88@example.org,Randy,Shaw,Port Tamara,RI,2025-07-07,Premium
CUST-000383,seanwhite@example.net,Donna,Faulkner,Crosbyton,IN,2025-09-01,Basic
CUST-000384,bryanwood@example.org,Elizabeth,Holmes,Paulmouth,FM,2024-03-27,Basic
CUST-000385,dakota84@example.net,Jose,Stephens,South Desiree,MN,2025-04-27,Standard
CUST-000386,blacknicholas@example.org,Zachary,Gomez,Tommyfort,FM,2025-05-09,Standard
CUST-000387,scotthall@example.net,Dawn,Lewis,East Michael,VT,2025-10-12,Standard
CUST-000388,robertrivera@example.org,Timothy,Mendoza,New Evan,MP,2024-12-19,Premium
CUST-000389,bradleyberry@example.org,Dennis,Hunt,North Gabriel,HI,2025-03-06,Premium
CUST-000390,kgreene@example.net,Andrew,Ball,Staceyborough,NV,2025-05-11,Standard
CUST-000391,kdillon@example.org,Maria,Burke,New Donna,KS,2024-06-24,Basic
CUST-000392,sandra99@example.org,Jerry,Cruz,North Jameshaven,TX,2024-12-25,Basic
CUST-000393,catherinethompson@example.net,Carol,Rich,North Timothyberg,MH,2025-05-09,Premium
CUST-000394,princekimberly@example.net,Ryan,Fisher,Lake Alyssabury,AS,2025-02-09,Premium
CUST-000395,zbell@example.net,Rebecca,Hood,South Dennisfort,WI,2024-08-10,Basic
CUST-000396,campbellnancy@example.com,Jonathan,Smith,New Alexandrahaven,AL,2024-11-23,Premium
CUST-000397,gwendolynstewart@example.com,Daniel,Simmons,Joseside,NE,2025-04-10,Basic
CUST-000398,victoria63@example.com,Andrea,Grant,West Angie,NJ,2024-08-26,Standard
CUST-000399,becky62@example.net,David,Hall,North Jason,MO,2025-09-19,Premium
CUST-000400,martintamara@example.org,Linda,Morrow,Frostchester,CO,2024-04-09,Standard
CUST-000401,nathanlynch@example.net,Patrick,Joyce,Jenniferton,WI,2025-10-14,Premium
CUST-000402,mgonzales@example.net,Sarah,Holmes,North Kristen,NY,2025-03-06,Premium
CUST-000403,christinacraig@example.com,John,Smith,North Wendy,WI,2024-12-10,Standard
CUST-000404,msullivan@example.net,Alexis,Padilla,New Justinside,PW,2025-04-24,Standard
CUST-000405,sylvia43@example.net,Sylvia,Gibson,Andrewsview,HI,2024-12-16,Premium
CUST-000406,hansenwesley@example.com,Stacey,Pratt,Nancyshire,KS,2025-07-14,Standard
CUST-000407,xhart@example.org,Katherine,Ali,Maldonadoshire,VI,2024-03-13,Basic
CUST-000408,scottpatrick@example.org,Erica,Hall,Robertstad,NC,2025-03-20,Basic
CUST-000409,john16@example.net,Kaitlyn,Peterson,South Lee,IL,2025-12-07,Standard
CUST-000410,ian37@example.net,James,Moss,Jamieborough,MP,2024-08-23,Basic
CUST-000411,eric11@example.org,Emma,Alvarado,Port Mercedeston,PR,2025-02-09,Basic
CUST-000412,travis94@example.com,Ian,Duran,Raymondshire,DC,2024-04-02,Basic
CUST-000413,imendoza@example.org,Wayne,Long,South Tiffany,UT,2025-03-07,Premium
CUST-000414,hannah03@example.com,Bianca,Nguyen,Jacobview,IA,2024-09-06,Basic
CUST-000415,michael76@example.org,Robert,Goodwin,Melissaview,NV,2024-07-03,Basic
CUST-000416,tiffanyparks@example.org,Jennifer,Brock,Chaseborough,FL,2025-09-29,Standard
CUST-000417,thomassmith@example.com,Victor,Cowan,Kristenport,KS,2025-04-08,Basic
CUST-000418,rosshannah@example.org,Jason,King,South Julieview,MN,2024-11-12,Premium
CUST-000419,maurice61@example.com,Michelle,Mccarty,New Barbara,SD,2025-03-22,Premium
CUST-000420,michael87@example.net,Sergio,Miller,Stevenberg,VI,2024-06-24,Standard
CUST-000421,robert99@example.com,Melinda,Jones,West Jeremy,MD,2025-06-14,Premium
CUST-000422,catherine64@example.com,Kimberly,Mcmillan,Gutierrezburgh,PR,2024-03-10,Premium
CUST-000423,ebonyshepard@example.net,Kara,Clark,Garcialand,FM,2025-02-02,Basic
CUST-000424,johnsonrandy@example.org,Dalton,Montgomery,Lake Sarahfurt,ME,2024-08-08,Basic
CUST-000425,scott22@example.net,Mary,Johnson,Michellemouth,VI,2025-02-05,Premium
CUST-000426,amy28@example.org,Brittany,Bryant,Millsside,ME,2025-12-18,Standard
CUST-000427,zfernandez@example.org,Scott,Diaz,Erictown,AL,2025-03-11,Standard
CUST-000428,mauriceharrison@example.org,Gwendolyn,Vasquez,Evanschester,AS,2024-09-24,Basic
CUST-000429,laurakelley@example.org,Robert,Castro,Wrightfurt,MP,2024-11-25,Premium
CUST-000430,christian38@example.net,Lindsey,Cohen,Deborahside,AS,2024-09-06,Basic
CUST-000431,melissawhite@example.com,Daniel,Gibson,Nelsonfort,ID,2024-10-14,Standard
CUST-000432,brandonnichols@example.org,Teresa,Campbell,Lake Samuel,AL,2024-08-11,Premium
CUST-000433,alexisrobinson@example.com,Larry,Lloyd,Steventon,MA,2024-04-21,Basic
CUST-000434,brianrowe@example.org,Amy,White,Lisatown,DE,2026-02-04,Basic
CUST-000435,paulproctor@example.org,Joan,Johnson,Mossville,NC,2025-06-23,Standard
CUST-000436,thomasmaldonado@example.com,Sharon,Moore,Lake Sharonhaven,DE,2024-08-26,Basic
CUST-000437,james03@example.org,Joel,Hamilton,East Laurashire,DE,2024-12-08,Standard
CUST-000438,albertwilliams@example.net,Thomas,Carlson,Kellibury,GA,2025-02-22,Standard
CUST-000439,sarah00@example.com,Deanna,Miles,East Tonymouth,OH,2025-09-21,Premium
CUST-000440,linda73@example.org,Hannah,Howard,West Rachel,NM,2025-07-23,Premium
CUST-000441,amy73@example.net,Jacob,Bailey,Hillside,GA,2024-04-13,Basic
CUST-000442,shannonweiss@example.net,Michael,Smith,Grosstown,RI,2025-11-10,Standard
CUST-000443,malikbrown@example.net,Lori,Lee,Cannonberg,RI,2024-09-16,Standard
CUST-000444,hdavidson@example.org,Alexandra,Jones,East Morgan,ID,2024-05-11,Premium
CUST-000445,coreyduncan@example.com,Diane,Fox,Brandonbury,PA,2025-07-31,Premium
CUST-000446,conradjason@example.com,Sarah,Collier,Owenton,MN,2025-04-05,Standard
CUST-000447,yshort@example.net,Brian,Jensen,Lake Chadport,CA,2026-01-13,Premium
CUST-000448,garciajerry@example.com,Jake,Fox,New Colleen,HI,2025-04-06,Basic
CUST-000449,xreese@example.net,Barbara,Craig,Andradeburgh,WY,2024-07-03,Standard
CUST-000450,qwagner@example.org,Amanda,Greene,Rachelside,MD,2025-11-01,Premium
CUST-000451,bduran@example.net,Marcus,Allen,South Katie,WA,2024-08-26,Basic
CUST-000452,zwest@example.org,Jessica,Bird,New Derekport,AL,2024-09-29,Standard
CUST-000453,jasonedwards@example.net,Lynn,Ellison,North Benjamin,MI,2024-06-16,Basic
CUST-000454,michael93@example.org,Jonathan,Evans,Carrollborough,VA,2024-04-19,Basic
CUST-000455,laura27@example.net,Jacqueline,Weiss,New Dawnton,VA,2025-10-05,Standard
CUST-000456,dmiller@example.com,Michael,Montoya,Conradville,VI,2025-09-08,Basic
CUST-000457,walterscrystal@example.org,Kevin,Williams,West Wayne,IN,2024-06-13,Premium
CUST-000458,wmaddox@example.net,Barbara,Davis,Robertsfurt,FL,2024-05-29,Premium
CUST-000459,alvarezjulie@example.net,Raymond,Miller,Ayalaberg,WV,2024-05-31,Premium
CUST-000460,tonypearson@example.org,Ann,Shea,East Charles,WI,2025-01-02,Basic
CUST-000461,rodriguezrobert@example.com,Michael,Flores,Port Kevinstad,RI,2025-10-15,Premium
CUST-000462,chanson@example.org,Sandra,Hall,Ericland,DE,2025-08-16,Basic
CUST-000463,stacymcintosh@example.com,Alexander,Benson,West Shannontown,MA,2024-07-24,Premium
CUST-000464,jamesmills@example.com,Ana,Dean,Lake Holly,AK,2024-11-24,Standard
CUST-000465,scottbrian@example.org,Kristina,Williamson,South Dianatown,CA,2024-12-03,Basic
CUST-000466,elizabeth51@example.org,Kelly,Ware,Hallfurt,NY,2026-02-05,Basic
CUST-000467,mckeetodd@example.net,Amanda,Lopez,Castrotown,AZ,2024-08-21,Premium
CUST-000468,matthew62@example.org,Michael,Bell,Joelhaven,KY,2025-10-08,Standard
CUST-000469,natasha08@example.com,Jeremiah,Peterson,Sandovalland,VA,2024-11-28,Premium
CUST-000470,robertberry@example.com,Tara,Browning,Shaneberg,IL,2025-06-13,Premium
CUST-000471,michelleparker@example.net,Rachel,Browning,Forbesberg,SD,2026-01-05,Standard
CUST-000472,lonniegrant@example.net,David,Stewart,Lake Anthony,MD,2025-11-27,Standard
CUST-000473,tali@example.com,Julie,Underwood,Edwinborough,CT,2024-05-29,Premium
CUST-000474,farmercheryl@example.com,Catherine,Salazar,East Grace,MI,2024-04-21,Standard
CUST-000475,manderson@example.com,Jennifer,Brooks,Henryberg,GA,2024-07-13,Premium
CUST-000476,ortiztanya@example.com,Stephanie,Walker,Port James,HI,2025-12-31,Basic
CUST-000477,fcamacho@example.net,Mark,Ellis,South Richard,AZ,2025-05-12,Premium
CUST-000478,zcortez@example.net,Sheila,Armstrong,New Danielmouth,GU,2025-11-25,Basic
CUST-000479,aprilfoster@example.net,Benjamin,Hughes,East Kellyfurt,FM,2024-10-02,Premium
CUST-000480,steven64@example.net,Samantha,Vaughn,South Maria,NV,2024-04-29,Standard
CUST-000481,whitebrenda@example.net,Amy,Long,Shannonburgh,NH,2025-04-29,Basic
CUST-000482,nicoledavis@example.com,Heather,Meadows,Lake Jessica,CO,2024-05-16,Standard
CUST-000483,fwalters@example.net,Jasmine,Acosta,South Andrea,AZ,2025-09-06,Basic
CUST-000484,ariana22@example.org,Harold,Joseph,Parkermouth,LA,2025-05-25,Basic
CUST-000485,roachsusan@example.org,Cindy,King,Jimenezfort,ND,2025-10-05,Premium
CUST-000486,lyoung@example.net,Thomas,Ortiz,New Carolbury,FM,2025-03-29,Premium
CUST-000487,brandonhernandez@example.net,Michael,Thomas,Lake Belindaport,MA,2025-12-26,Premium
CUST-000488,rodriguezvictoria@example.org,Emily,Carr,South Kara,MN,2026-01-03,Premium
CUST-000489,mackmarcus@example.com,Lori,Chang,West Thomasville,UT,2025-11-12,Standard
CUST-000490,alison83@example.net,Jason,Brown,South Jenniferport,NE,2025-05-13,Premium
CUST-000491,jordan99@example.com,Sara,Mendez,Stonefort,NM,2025-10-05,Premium
CUST-000492,jeanettekrause@example.org,David,Marshall,Lake Melaniechester,MT,2024-03-27,Basic
CUST-000493,ann30@example.net,James,Campbell,West Kevinside,MD,2025-09-05,Standard
CUST-000494,jenningsmatthew@example.net,Ashley,Choi,East Mark,MA,2025-12-28,Standard
CUST-000495,zhendricks@example.org,Debbie,Olson,Mcclainside,MH,2024-10-24,Basic
CUST-000496,dreilly@example.net,Kevin,Hardy,Angelatown,IL,2025-04-20,Basic
CUST-000497,lauren51@example.org,Juan,Johnson,Simsburgh,OK,2025-05-10,Premium
CUST-000498,brookehancock@example.com,Janet,Edwards,West Robertfort,FM,2024-08-14,Standard
CUST-000499,tgallegos@example.org,Alicia,Thompson,Kristenborough,PW,2024-04-30,Premium
CUST-000500,lloydrebecca@example.org,James,Mclean,Kimberlyberg,WI,2025-11-21,Basic
CUST-000501,jamiejohnson@example.com,Jennifer,Boyd,West Sarahland,MA,2025-01-29,Premium
CUST-000502,garciakatie@example.net,Larry,Lane,Danielleborough,MD,2024-07-18,Standard
CUST-000503,joshua57@example.net,David,Hernandez,Dannyside,NY,2024-05-07,Premium
CUST-000504,andrea42@example.net,Linda,Andrews,North Larry,MH,2024-10-27,Standard
CUST-000505,bwilliams@example.com,Rebecca,Williams,Brownchester,MO,2024-07-02,Premium
CUST-000506,tjensen@example.com,Lisa,Marquez,Port Kathyshire,DC,2024-04-30,Premium
CUST-000507,tdavis@example.net,Deanna,Miranda,Hallbury,FL,2025-11-13,Standard
CUST-000508,roberta62@example.net,Samantha,Rivera,Shawntown,CA,2025-02-04,Standard
CUST-000509,timothy24@example.com,Cassandra,Anderson,South Lisaville,MD,2025-04-04,Standard
CUST-000510,sparksamanda@example.com,Brittany,Allen,New Erik,NJ,2024-11-29,Premium
CUST-000511,jared96@example.com,Ashley,Peterson,East Elaine,CA,2025-08-16,Premium
CUST-000512,mwilson@example.com,Mark,Davis,Thompsonfurt,CA,2025-05-05,Premium
CUST-000513,pmurphy@example.net,Bryan,Robinson,New Rebecca,SC,2025-10-06,Basic
CUST-000514,donnachavez@example.com,Peter,Lane,East Erin,MD,2024-09-29,Premium
CUST-000515,samantha65@example.org,Brandi,Carr,Abbottport,AR,2024-11-18,Standard
CUST-000516,smithann@example.com,Daniel,Campbell,East Ryanshire,MO,2025-05-25,Standard
CUST-000517,bsullivan@example.net,Jason,Thompson,East Angela,MP,2025-12-29,Standard
CUST-000518,qmoore@example.org,Dennis,Jones,East Jenniferfort,TN,2025-01-07,Premium
CUST-000519,christophermay@example.com,Michelle,English,Hansonmouth,NY,2024-12-29,Standard
CUST-000520,ocruz@example.org,Roger,Smith,Bradfordbury,VT,2025-02-23,Standard
CUST-000521,khouse@example.com,Arthur,Johnson,Bushville,OR,2025-02-09,Basic
CUST-000522,thomasjessica@example.com,Steven,Miller,East Thomasland,TX,2025-05-31,Basic
CUST-000523,chloe58@example.org,Taylor,Hunt,Berrymouth,MT,2024-11-06,Standard
CUST-000524,keith09@example.net,Kevin,Glover,Bryanfort,OR,2024-06-25,Basic
CUST-000525,douglaskelly@example.net,Claudia,Mitchell,East Williamview,KS,2024-05-29,Basic
CUST-000526,joshua40@example.net,Daniel,Thompson,Lake Sean,AS,2024-06-30,Standard
CUST-000527,toddlloyd@example.org,Matthew,Miller,New Sarah,FL,2025-10-27,Premium
CUST-000528,ptownsend@example.net,Scott,Walsh,New Jessica,MI,2024-04-02,Premium
CUST-000529,karla10@example.org,Steven,Alvarez,Reeseside,IN,2024-11-26,Standard
CUST-000530,jwells@example.net,Monica,Smith,Reyesmouth,NC,2025-07-06,Premium
CUST-000531,davisamanda@example.com,Stephanie,Reynolds,Matthewview,AS,2024-05-04,Basic
CUST-000532,rmurray@example.net,John,Powers,New Matthew,UT,2026-02-18,Standard
CUST-000533,amy01@example.org,Robert,Fox,Bellport,KS,2024-07-13,Premium
CUST-000534,harveybrian@example.net,Diane,Houston,Lake Susanland,PR,2025-05-10,Premium
CUST-000535,pdouglas@example.net,Linda,Lopez,Lake Jackport,NH,2025-06-19,Basic
CUST-000536,fowlersandra@example.com,Kayla,Schwartz,Jonathanland,KY,2025-09-13,Standard
CUST-000537,dprice@example.com,Stephanie,Baker,Jonesborough,RI,2024-12-06,Standard
CUST-000538,irodriguez@example.com,Jeffery,Schneider,Baldwinville,AZ,2024-04-16,Basic
CUST-000539,kimberly07@example.org,Denise,Smith,Lake Peterberg,UT,2024-10-21,Standard
CUST-000540,gandrews@example.net,Shelby,Henry,Powellland,ND,2024-08-06,Standard
CUST-000541,xfinley@example.com,David,Nichols,Mathewport,MO,2024-04-03,Basic
CUST-000542,diazmelissa@example.com,Christopher,Stevens,Deborahburgh,OH,2024-03-22,Basic
CUST-000543,tguerrero@example.net,Peter,Rodriguez,Tommouth,WA,2024-07-10,Premium
CUST-000544,leejennifer@example.net,John,Price,Victormouth,AK,2024-03-21,Standard
CUST-000545,morganjennifer@example.com,David,Roman,Bentleyside,FL,2025-08-17,Basic
CUST-000546,sandyjohnson@example.org,Tracy,Smith,East Jacquelineberg,AL,2024-06-27,Premium
CUST-000547,conwaylori@example.org,Stephen,Jackson,Port Lisaville,NM,2025-05-02,Standard
CUST-000548,bryanharris@example.com,Lisa,Hendrix,Nguyenshire,ND,2024-06-02,Premium
CUST-000549,kathrynwatkins@example.com,Bryan,Hill,Jacksonstad,OH,2024-06-22,Basic
CUST-000550,sarawilliams@example.org,Kylie,Chen,Stricklandtown,FM,2025-02-12,Standard
CUST-000551,smithsara@example.net,Denise,Eaton,Steelefort,UT,2024-05-25,Premium
CUST-000552,daniellemills@example.com,John,Thompson,New Hectorfort,RI,2026-01-17,Basic
CUST-000553,michael08@example.org,James,Downs,New Michaelside,NY,2024-08-01,Basic
CUST-000554,joshualee@example.org,Gina,Schmitt,Jimenezburgh,TN,2025-12-28,Basic
CUST-000555,newmanjustin@example.com,John,Jensen,Williamston,ND,2024-06-30,Basic
CUST-000556,washingtondarren@example.org,Jennifer,Watkins,Robertmouth,IN,2025-09-14,Basic
CUST-000557,jeremy36@example.org,Nicholas,Walker,Richardston,FM,2025-01-06,Basic
CUST-000558,sarahgibson@example.com,Nathaniel,Ellis,Lake Michael,KY,2024-07-19,Basic
CUST-000559,antoniocarroll@example.com,Derek,York,Barnesmouth,IN,2025-12-01,Premium
CUST-000560,kristinelittle@example.net,Rebecca,Lane,North Robert,NC,2025-02-14,Standard
CUST-000561,brittanyhood@example.com,Alexis,Patterson,East Mark,OR,2024-08-03,Standard
CUST-000562,robinvillanueva@example.com,Tina,Williams,Quinnhaven,AZ,2024-12-30,Premium
CUST-000563,zmendoza@example.net,Lori,Chavez,North Angela,AL,2025-07-13,Basic
CUST-000564,idodson@example.com,Kenneth,Holland,North Timothyport,GA,2025-07-21,Standard
CUST-000565,braysteven@example.org,Morgan,Sullivan,Courtneytown,VI,2025-05-26,Basic
CUST-000566,vbarry@example.net,Antonio,Simmons,Helenside,OK,2025-09-25,Standard
CUST-000567,olivermatthew@example.org,Zachary,Kent,Pamelaville,MS,2024-11-16,Basic
CUST-000568,diazgregory@example.net,Janet,Castro,East Tina,IA,2025-03-23,Premium
CUST-000569,wmclaughlin@example.net,Monica,Warner,West Michael,KY,2025-02-25,Basic
CUST-000570,eramirez@example.com,Michael,Tucker,South Jenniferside,MH,2024-09-23,Standard
CUST-000571,lauren13@example.com,Christopher,Myers,West Susan,CA,2024-05-12,Basic
CUST-000572,daniel27@example.org,Nancy,Meyer,West Robertside,DC,2025-02-03,Standard
CUST-000573,pwallace@example.org,Kelly,Brown,Port Stacey,SD,2024-10-25,Basic
CUST-000574,diana57@example.net,Elizabeth,Moreno,Ellisshire,DC,2025-12-10,Standard
CUST-000575,george43@example.com,Nathan,Roberts,East Michaelmouth,GA,2025-05-20,Standard
CUST-000576,jennifermitchell@example.org,Mary,Schwartz,East John,AZ,2026-02-18,Standard
CUST-000577,scottwood@example.org,Anna,Johnson,Tiffanyberg,MN,2025-01-15,Basic
CUST-000578,amandamartinez@example.org,Richard,Porter,South Sarah,FL,2024-02-26,Standard
CUST-000579,deborah47@example.com,Tara,Webster,Port Annette,PW,2025-12-28,Basic
CUST-000580,hannah70@example.org,Erica,Wilson,South Christinabury,NV,2024-11-10,Premium
CUST-000581,brian39@example.net,Jeffrey,Walls,Jamesland,ND,2025-11-04,Premium
CUST-000582,daughertypreston@example.com,Louis,Jacobs,Lake Michaelberg,VT,2025-11-08,Standard
CUST-000583,paul04@example.com,Michael,Madden,East Jessicamouth,WA,2026-02-17,Basic
CUST-000584,zroberts@example.net,Tara,Coleman,Taylorshire,PA,2024-04-25,Standard
CUST-000585,kevinmcneil@example.net,Valerie,Jones,Davischester,SC,2025-12-22,Basic
CUST-000586,dthompson@example.net,Ashley,Melendez,East Marisa,LA,2025-04-02,Basic
CUST-000587,carsonkevin@example.net,Kevin,Hansen,Walkertown,FL,2024-09-02,Premium
CUST-000588,qmartinez@example.com,Robert,Vasquez,North David,KY,2025-02-17,Basic
CUST-000589,georgemichael@example.com,Ariana,Oneill,Mccannville,MN,2025-03-03,Basic
CUST-000590,brucefrancisco@example.org,Dustin,Murray,West Frank,KY,2024-11-13,Standard
CUST-000591,brandon48@example.net,Sharon,Palmer,Port Cody,WV,2024-06-24,Standard
CUST-000592,monique44@example.net,Helen,Cox,Madelinetown,DC,2025-03-07,Basic
CUST-000593,kimberly65@example.org,Curtis,Moore,Port Jacob,MH,2025-04-06,Premium
CUST-000594,butlersabrina@example.org,Lori,Mclean,Baileystad,DC,2025-10-12,Standard
CUST-000595,gerald40@example.net,Lisa,Walker,Lake Jeremy,DC,2024-07-25,Standard
CUST-000596,colemankathryn@example.org,Chris,Hampton,Williamsville,AZ,2025-09-24,Premium
CUST-000597,harrisonrebekah@example.org,Carl,Contreras,Port Davidborough,OR,2025-12-12,Standard
CUST-000598,ellenjohnson@example.org,Meghan,Mcmahon,Michaelhaven,WI,2025-08-08,Basic
CUST-000599,williamjones@example.net,Kathryn,Rice,West George,WV,2025-03-21,Basic
CUST-000600,glasssamantha@example.net,Thomas,Wolfe,South Emily,CT,2024-07-04,Basic
CUST-000601,tina63@example.net,Jeremy,Rodriguez,Davidville,NC,2024-06-01,Standard
CUST-000602,janet80@example.org,Mark,Wilson,Stephenport,TX,2026-02-05,Standard
CUST-000603,aperez@example.com,Traci,Patterson,Port Leahstad,HI,2024-03-03,Standard
CUST-000604,zpowers@example.com,Alexandra,Rhodes,East Ralphshire,CT,2025-08-17,Standard
CUST-000605,calvinhester@example.com,James,Anthony,Martinezchester,VA,2025-02-21,Basic
CUST-000606,katelyn65@example.com,Elizabeth,Clements,Dixonberg,WI,2025-01-20,Premium
CUST-000607,kingtyler@example.net,Sherri,Johnson,Port Carlostown,HI,2024-11-28,Basic
CUST-000608,eric99@example.org,Kathleen,Guerrero,Sparksborough,LA,2025-06-20,Standard
CUST-000609,iwagner@example.com,Lisa,Fernandez,Port Anthonychester,FM,2025-12-22,Basic
CUST-000610,ycole@example.com,Steve,Johnson,Nicoleburgh,NM,2025-01-02,Premium
CUST-000611,jennifer71@example.net,Emily,Keller,Alvarezburgh,NY,2024-04-03,Basic
CUST-000612,troy69@example.net,Michael,Levine,Bryanshire,AZ,2024-05-26,Premium
CUST-000613,michael90@example.net,Matthew,Davis,Victoriachester,MI,2024-04-04,Standard
CUST-000614,johnwong@example.net,Christopher,Watts,Dannyburgh,AK,2025-03-22,Basic
CUST-000615,murraymichelle@example.net,Zachary,Fisher,Lake Terrytown,MD,2024-11-25,Basic
CUST-000616,gmorris@example.com,Craig,Leonard,Tylermouth,GA,2025-05-17,Basic
CUST-000617,tara37@example.net,Melanie,Cobb,West Joseph,ME,2026-02-20,Basic
CUST-000618,nballard@example.net,Susan,Robbins,New Matthewland,OK,2025-09-30,Standard
CUST-000619,wsimmons@example.org,Denise,Turner,Ryanside,MD,2024-07-18,Premium
CUST-000620,gking@example.com,Emily,Kelley,Lake Jacquelineburgh,OK,2025-02-21,Premium
CUST-000621,oadams@example.net,Lisa,Farrell,Michaelton,NC,2024-07-18,Basic
CUST-000622,jhernandez@example.net,Gina,Evans,Jenkinsland,SC,2024-07-20,Standard
CUST-000623,sadams@example.net,Ethan,Mcdaniel,South John,FL,2024-07-12,Premium
CUST-000624,lauracollins@example.com,Anita,Graham,East Erikberg,AK,2024-08-29,Premium
CUST-000625,donna20@example.net,Todd,Smith,West Carolynland,MH,2026-01-21,Premium
CUST-000626,emily16@example.net,Megan,Young,New Elizabethshire,WI,2026-01-03,Premium
CUST-000627,tyler13@example.net,David,Roman,Marisafurt,AS,2025-08-23,Premium
CUST-000628,selenarobinson@example.org,Gregory,Booker,Ortizshire,AR,2025-02-15,Premium
CUST-000629,holly15@example.net,Rodney,Vega,Natashaberg,MN,2025-02-04,Standard
CUST-000630,lori09@example.org,Mckenzie,Bates,Lake Samanthabury,KS,2025-04-02,Basic
CUST-000631,danielle51@example.net,Michelle,Mathews,Smithfurt,PW,2024-08-27,Premium
CUST-000632,mayerkatherine@example.com,Jason,Zamora,Welchchester,WY,2024-03-18,Standard
CUST-000633,morrowshelby@example.com,Jillian,House,Jenniferville,GU,2024-06-19,Standard
CUST-000634,william56@example.net,Jessica,Kelley,Shawntown,WV,2024-04-01,Basic
CUST-000635,crystalgibbs@example.org,Aaron,Gonzalez,Leeland,DE,2024-06-17,Basic
CUST-000636,melaniejennings@example.com,Shannon,Russo,West Glenn,OR,2025-10-19,Premium
CUST-000637,james65@example.org,Phillip,Bennett,North Stacy,OH,2025-06-10,Basic
CUST-000638,rebeccamccann@example.org,Jose,Christian,South Christineview,FL,2024-04-28,Basic
CUST-000639,george91@example.org,Jennifer,Graham,Wilcoxfort,DE,2024-08-05,Standard
CUST-000640,jamesatkins@example.com,Keith,Snyder,South Melissa,PA,2024-07-29,Standard
CUST-000641,jessica36@example.org,Ricky,Thomas,Theresabury,RI,2025-01-17,Standard
CUST-000642,mikesutton@example.com,Christopher,Harrison,Terrifurt,TX,2024-07-27,Premium
CUST-000643,verickson@example.net,Jonathan,Davis,North Marvinbury,NJ,2025-12-17,Premium
CUST-000644,smithwilliam@example.com,Kevin,Foster,Davidside,AZ,2025-04-22,Basic
CUST-000645,geoffrey75@example.com,David,Stewart,Thomasville,MD,2024-03-26,Basic
CUST-000646,victormcpherson@example.com,Julie,Howe,Ravenview,RI,2025-10-21,Premium
CUST-000647,zachary62@example.com,Jillian,Henry,New Melissa,TN,2025-06-02,Premium
CUST-000648,jbrown@example.org,Jerry,Johnson,Frankmouth,NE,2024-05-17,Standard
CUST-000649,wwilliams@example.net,Ann,Ellis,Port Jenniferberg,DE,2024-11-04,Premium
CUST-000650,mirandawhite@example.org,Karen,Carson,New Whitney,AL,2025-03-13,Premium
CUST-000651,robertjones@example.com,Erica,Clay,West Erinville,MO,2024-11-22,Basic
CUST-000652,hooderic@example.org,Steve,Zimmerman,Gibsonview,PA,2025-06-18,Basic
CUST-000653,tara97@example.com,Stacey,Cooke,East Michelle,AS,2025-06-07,Standard
CUST-000654,lauren18@example.net,Patrick,Ross,East Tammy,VI,2024-12-10,Premium
CUST-000655,phelpsfrank@example.com,Justin,Goodwin,North Kenneth,AS,2025-01-04,Basic
CUST-000656,rebecca92@example.com,Elizabeth,Collier,South Sean,MS,2025-02-05,Premium
CUST-000657,bdavis@example.com,Christina,Hamilton,Davishaven,MA,2026-02-03,Premium
CUST-000658,deborahreeves@example.com,Alison,Holland,West Taylorland,PW,2025-09-30,Standard
CUST-000659,edgar24@example.org,Alexandra,Phillips,New Charleston,NY,2024-05-11,Premium
CUST-000660,dgutierrez@example.net,Jennifer,Hess,Jonathanland,WI,2025-02-25,Standard
CUST-000661,yangsteven@example.org,Megan,Williams,Mcdowellport,MD,2025-04-27,Basic
CUST-000662,ctodd@example.net,Lindsey,Peterson,East Jacob,WA,2026-02-09,Basic
CUST-000663,monica16@example.net,Andrew,Foster,East Dianamouth,UT,2024-12-15,Basic
CUST-000664,nturner@example.com,Hannah,Mccarty,Ballardland,DC,2024-05-31,Basic
CUST-000665,danielsmith@example.org,Michele,Clark,Lake John,MP,2025-05-25,Standard
CUST-000666,christophercarrillo@example.org,Thomas,Johnson,East Joanne,NV,2026-01-27,Standard
CUST-000667,csmith@example.net,John,Phillips,Williamstown,CT,2025-05-28,Basic
CUST-000668,fpetty@example.net,Beth,Simon,Benjaminfurt,NM,2025-03-04,Basic
CUST-000669,dhall@example.net,Andrew,Ray,West Patriciachester,FM,2025-02-03,Basic
CUST-000670,pdean@example.com,Shane,Graham,West Jessica,NJ,2024-10-31,Standard
CUST-000671,williammatthews@example.net,Matthew,Guzman,Andersonport,VA,2025-07-27,Basic
CUST-000672,rwhitaker@example.net,Jessica,Flynn,New Jared,UT,2025-08-23,Standard
CUST-000673,manderson@example.org,Catherine,Garcia,Hahnfort,ME,2024-08-12,Premium
CUST-000674,kiddmichael@example.com,Michael,Moore,Port Brycechester,DE,2025-05-19,Basic
CUST-000675,hoffmantom@example.com,Kristen,Hammond,Paulahaven,PA,2025-06-26,Standard
CUST-000676,housesamuel@example.com,Sydney,Campos,Port Cherylville,GU,2025-04-09,Standard
CUST-000677,jacksondavid@example.org,Rhonda,Moore,Jeanhaven,NM,2025-08-11,Standard
CUST-000678,mooremichael@example.org,David,Harris,Hammondtown,IA,2025-10-25,Premium
CUST-000679,gpeterson@example.org,Christopher,Watson,Wardbury,FL,2025-08-26,Basic
CUST-000680,icobb@example.com,Robert,Ortiz,Cranehaven,WY,2025-07-05,Standard
CUST-000681,ramoskayla@example.net,Linda,Acevedo,West Leroyburgh,NE,2024-04-07,Basic
CUST-000682,kellerdarlene@example.net,Brian,Welch,Robertside,VI,2024-10-02,Standard
CUST-000683,regina04@example.net,Cheryl,Thomas,Griffinborough,FM,2025-03-26,Basic
CUST-000684,zterry@example.net,Richard,Gonzalez,Christopherside,MA,2024-12-04,Premium
CUST-000685,abigailfernandez@example.org,Christopher,Arnold,Katherineburgh,AK,2024-03-14,Standard
CUST-000686,john46@example.net,Daniel,Brown,Jordanhaven,MI,2024-05-23,Standard
CUST-000687,westashley@example.org,Shawn,Bird,West Kevin,TN,2025-09-18,Premium
CUST-000688,jenniferstone@example.org,Daniel,Black,Port Kimberly,NH,2024-05-04,Basic
CUST-000689,fpoole@example.org,Bryan,Beasley,Lewisland,MN,2025-07-01,Standard
CUST-000690,hchapman@example.com,Monica,Silva,Barajasfort,VA,2026-02-03,Premium
CUST-000691,drewmartinez@example.net,Stephen,Faulkner,Lake Jasonfort,AZ,2025-08-21,Standard
CUST-000692,sandra19@example.com,Daniel,Wood,Billyberg,DE,2024-11-20,Standard
CUST-000693,kevin70@example.org,Douglas,Lawrence,West Pamelaborough,HI,2025-10-13,Standard
CUST-000694,jsmith@example.com,Carlos,Williams,Berryshire,NV,2025-12-12,Basic
CUST-000695,ualvarez@example.net,Dean,Taylor,Gillmouth,FL,2025-11-17,Premium
CUST-000696,christopher99@example.com,Paul,Mccullough,Ambermouth,WA,2024-09-12,Premium
CUST-000697,clinejasmine@example.net,Crystal,Ingram,Annville,SD,2025-04-06,Premium
CUST-000698,stephanieweaver@example.org,Susan,Boyd,Shawtown,DE,2025-06-18,Premium
CUST-000699,suzannehill@example.org,John,Thornton,Millerside,PA,2024-10-14,Standard
CUST-000700,henrysarah@example.com,Samuel,Perry,Patrickland,DE,2026-02-08,Basic
CUST-000701,justinwhite@example.org,Eric,Farley,North Christina,MD,2024-07-04,Premium
CUST-000702,evanscorey@example.org,Robert,Nguyen,Davidville,AR,2024-07-20,Basic
CUST-000703,trevorgoodwin@example.com,Stacy,Adams,Stevenchester,CA,2025-02-10,Premium
CUST-000704,bschultz@example.com,Angela,Willis,East Kathrynberg,ME,2025-04-13,Premium
CUST-000705,omiller@example.net,James,Faulkner,Amberburgh,WY,2024-08-20,Standard
CUST-000706,jali@example.com,Bobby,Hess,Deniseburgh,AL,2024-04-06,Standard
CUST-000707,qnelson@example.net,Omar,Bell,New Mary,LA,2024-03-27,Standard
CUST-000708,turnerrandall@example.org,Maria,Hardy,Natalieborough,RI,2025-02-26,Basic
CUST-000709,nicole54@example.net,Shawn,Sanchez,Matthewmouth,PA,2024-10-20,Standard
CUST-000710,deborahsmith@example.com,Adam,Smith,South Angela,UT,2025-07-21,Standard
CUST-000711,ymedina@example.net,Denise,Ryan,Chambersstad,GU,2024-11-24,Premium
CUST-000712,paul01@example.com,Mitchell,Lee,East Juliaview,TX,2025-12-27,Premium
CUST-000713,james94@example.net,Jeffrey,Baird,Benjaminfort,MH,2025-07-21,Standard
CUST-000714,adrianjoyce@example.net,Randy,Kane,Jacksonborough,TN,2025-08-16,Standard
CUST-000715,cameronanderson@example.org,David,Mahoney,New Jessica,KY,2024-07-12,Basic
CUST-000716,braunheather@example.net,Christina,Becker,Smithchester,SD,2025-06-29,Basic
CUST-000717,nashmarcus@example.com,Joshua,Frazier,Simpsonhaven,WV,2024-03-25,Premium
CUST-000718,brandonhull@example.net,Shane,Smith,West Christopher,OK,2025-10-05,Basic
CUST-000719,tiffanycoleman@example.org,Sally,Gonzalez,Lanceville,AK,2025-02-07,Standard
CUST-000720,watkinsconnie@example.com,Mary,Wright,Allenmouth,MP,2024-04-02,Standard
CUST-000721,april31@example.net,Christine,Duran,Rileyland,AR,2025-12-24,Premium
CUST-000722,sedwards@example.org,Kimberly,Brown,Brownchester,CA,2024-05-07,Standard
CUST-000723,hansenkenneth@example.com,Richard,Williamson,Halltown,NH,2024-11-29,Standard
CUST-000724,nhobbs@example.org,Matthew,Pace,South Zacharyshire,ID,2024-05-11,Standard
CUST-000725,larsoncarlos@example.org,Rebecca,Martinez,Michaelfort,VA,2025-05-21,Standard
CUST-000726,johnrobles@example.org,David,Silva,Larryside,WI,2024-06-08,Basic
CUST-000727,vparker@example.com,Miguel,Smith,North John,GU,2025-10-25,Basic
CUST-000728,hendersonjames@example.org,Danielle,Harris,West Jaimefort,UT,2025-07-12,Basic
CUST-000729,vgreene@example.net,Ashlee,Rogers,Robertburgh,CT,2025-01-20,Basic
CUST-000730,crawfordsamantha@example.net,Jeffrey,Hall,East Timothy,WI,2026-01-19,Basic
CUST-000731,lindsay63@example.com,Jack,Fritz,Alejandrostad,AK,2025-04-03,Premium
CUST-000732,kellylee@example.net,Roberta,Ward,East Jamesburgh,IN,2025-12-01,Standard
CUST-000733,matthewspencer@example.org,James,Thompson,Reneetown,MP,2025-07-02,Premium
CUST-000734,hpena@example.com,Sharon,Torres,West Lisa,TN,2024-06-27,Standard
CUST-000735,ejohns@example.org,Drew,Glass,East Amanda,UT,2024-11-22,Standard
CUST-000736,prowland@example.org,Kathryn,Matthews,Kristinemouth,IA,2024-04-01,Standard
CUST-000737,monique89@example.com,Jason,Miller,Gibbsland,GA,2025-02-28,Premium
CUST-000738,victor72@example.com,Jennifer,Fox,Baldwinfort,NJ,2024-09-06,Standard
CUST-000739,ylittle@example.net,Debra,Clark,South Michelle,MO,2024-07-31,Standard
CUST-000740,koneal@example.org,Selena,Brooks,East Karenport,NV,2025-03-08,Basic
CUST-000741,brandymarshall@example.net,Matthew,Hayes,Ortizfort,MD,2024-09-09,Basic
CUST-000742,whitejesus@example.net,Charles,Valenzuela,Meganhaven,ND,2025-06-07,Standard
CUST-000743,sara11@example.org,Michael,Payne,Jamesmouth,KS,2024-10-01,Basic
CUST-000744,james92@example.net,Jodi,Gaines,Port Kevinstad,WY,2026-02-20,Premium
CUST-000745,wunderwood@example.net,Alexander,Valdez,Port Raymond,IN,2025-08-04,Standard
CUST-000746,thomasblack@example.net,Katherine,Sharp,Petersonland,MD,2025-11-02,Premium
CUST-000747,scarrillo@example.com,Jason,Cole,West Donberg,ME,2026-01-12,Basic
CUST-000748,porterdonna@example.com,Matthew,Barnes,Farmerside,ME,2024-10-18,Basic
CUST-000749,bradleyantonio@example.org,Eric,Cisneros,Ashleyshire,VI,2024-12-04,Premium
CUST-000750,zharris@example.org,Amanda,Lopez,West Ashleymouth,SC,2025-12-08,Standard
CUST-000751,jacksonemily@example.org,Antonio,Barker,Johnsonborough,CA,2025-12-20,Basic
CUST-000752,ocampbell@example.com,Donna,Jones,West Aprilburgh,MD,2025-11-12,Basic
CUST-000753,hmyers@example.org,Amanda,Mendoza,South Stephanieborough,DC,2025-11-20,Basic
CUST-000754,ryan72@example.net,Barbara,Collins,New Jennifer,NH,2024-09-11,Premium
CUST-000755,rittersean@example.com,Cassidy,Wright,Reneefort,NH,2025-01-26,Premium
CUST-000756,mclaughlinkeith@example.com,Michael,Kirby,Peterburgh,MT,2024-08-23,Basic
CUST-000757,qellis@example.org,Holly,Davis,East Nicoleburgh,KY,2025-11-29,Standard
CUST-000758,elizabeth13@example.com,Robert,Gill,West Charlesville,NY,2025-09-05,Premium
CUST-000759,robert24@example.org,William,Murray,Lake Heathermouth,MS,2024-10-31,Standard
CUST-000760,zfoley@example.org,Alex,Wilson,West Ellen,NH,2025-02-11,Premium
CUST-000761,millerdiane@example.net,Stephanie,Taylor,Mckenzieburgh,MP,2024-03-07,Premium
CUST-000762,thompsondavid@example.net,Peter,Jones,Lake Joshuamouth,MI,2024-07-02,Standard
CUST-000763,staffordamanda@example.com,Heather,Copeland,South Hannahmouth,AR,2025-05-05,Standard
CUST-000764,bartonkatie@example.org,Nicholas,Allen,North Roberttown,MA,2025-10-14,Standard
CUST-000765,walkernicole@example.net,Gary,Jackson,Huntmouth,MD,2025-04-08,Premium
CUST-000766,colleenvilla@example.com,Sheila,Martinez,North Michael,HI,2024-03-04,Standard
CUST-000767,alexander37@example.org,Cameron,Briggs,Bradleyborough,MT,2024-09-30,Standard
CUST-000768,gbird@example.net,Amanda,Mooney,West Susan,PA,2024-10-17,Standard
CUST-000769,xgregory@example.net,Dean,Thompson,Tiffanyfort,CA,2024-10-24,Standard
CUST-000770,oreyes@example.net,Jesse,Matthews,East Andrewville,ME,2024-08-13,Standard
CUST-000771,ntodd@example.org,Brian,Brooks,Jamesfurt,IL,2025-06-06,Standard
CUST-000772,sandrageorge@example.com,Jocelyn,Murphy,Lonnieton,NC,2025-09-23,Standard
CUST-000773,swong@example.org,Jeremy,Quinn,Johnside,AR,2025-12-16,Premium
CUST-000774,lauriehorton@example.org,Cathy,James,Isaiahtown,CA,2025-11-19,Standard
CUST-000775,mckaybrett@example.org,Shawna,Martinez,New Ana,WY,2026-01-04,Premium
CUST-000776,williamsimmons@example.com,Larry,Griffith,South Gregory,IA,2024-10-01,Basic
CUST-000777,mfaulkner@example.com,Michelle,Olson,Raymondburgh,NJ,2025-01-10,Basic
CUST-000778,ywolf@example.com,Andrew,James,Port Rebeccaport,PA,2025-03-21,Premium
CUST-000779,jonathanford@example.com,Justin,Hart,Jonesberg,VT,2025-01-31,Standard
CUST-000780,sabrinasmith@example.net,Jessica,Brooks,Frostfurt,WA,2024-11-21,Premium
CUST-000781,lparker@example.org,Riley,Williams,South Sarahburgh,ID,2025-09-02,Basic
CUST-000782,kelsey58@example.net,Tracy,Barker,Lake Paulchester,WA,2024-08-21,Premium
CUST-000783,xjohnson@example.net,Jasmine,Johnson,West Catherine,TX,2024-06-09,Basic
CUST-000784,carrielynn@example.org,Alexander,Wise,Sandersshire,MH,2024-04-21,Premium
CUST-000785,nancymartin@example.com,Johnny,Turner,Willischester,WV,2025-11-24,Premium
CUST-000786,rodriguezashley@example.com,Lisa,Adams,Lake Raymond,ME,2024-02-27,Premium
CUST-000787,lisasmith@example.org,Kim,Butler,Penachester,GA,2024-06-30,Premium
CUST-000788,janegonzalez@example.org,Wayne,Rodriguez,East James,WA,2024-07-05,Premium
CUST-000789,jordanbarrera@example.com,Scott,Durham,Port Danaland,LA,2024-04-25,Basic
CUST-000790,hillmatthew@example.net,Jimmy,Washington,North Brucetown,TN,2025-04-23,Premium
CUST-000791,davisalexa@example.org,Nicholas,Meyer,Sarahfort,WV,2024-10-26,Premium
CUST-000792,rrogers@example.com,Yvonne,Montoya,Elizabethfurt,RI,2024-04-04,Premium
CUST-000793,morgan10@example.com,Monica,Morales,North Carolyn,VI,2025-03-16,Standard
CUST-000794,miguelmontgomery@example.net,Molly,Robertson,North Valerie,GU,2024-10-15,Basic
CUST-000795,morgan57@example.org,Catherine,Ross,West Ronniefort,TN,2025-11-10,Premium
CUST-000796,navarrokelly@example.org,Jennifer,Kane,East Tylerland,ME,2025-10-23,Basic
CUST-000797,cjackson@example.org,Timothy,Fernandez,East George,TN,2025-07-18,Premium
CUST-000798,grahamjennifer@example.org,Sarah,Nguyen,Mirandabury,VA,2024-08-29,Standard
CUST-000799,qlynn@example.org,Elizabeth,Livingston,Davismouth,VI,2024-08-04,Basic
CUST-000800,schneidernicholas@example.net,Julia,Hardy,Stokesbury,KS,2024-05-17,Standard
CUST-000801,rodriguezmatthew@example.net,Sharon,Garner,New Michaelmouth,MS,2025-04-19,Standard
CUST-000802,collinsbrittany@example.org,Melanie,Whitney,Kelseyberg,NC,2025-06-22,Premium
CUST-000803,danielsmith@example.com,Leslie,Cabrera,Maryfort,TX,2025-01-21,Basic
CUST-000804,dustin09@example.com,Kyle,Mooney,West Wendyshire,NJ,2025-05-29,Basic
CUST-000805,troypadilla@example.com,Brian,Patrick,Port Jennifer,PR,2025-08-11,Basic
CUST-000806,isabellawilliams@example.org,Melissa,Luna,Traceyburgh,AK,2025-03-29,Basic
CUST-000807,roberto75@example.com,Peter,Rose,Justinborough,UT,2025-11-09,Premium
CUST-000808,udavis@example.net,Michelle,Brown,Stephenburgh,OK,2024-06-02,Premium
CUST-000809,jcarter@example.org,Jeffery,Goodman,West Jessicashire,CT,2025-07-02,Standard
CUST-000810,nicholasmcgrath@example.net,Meagan,Howe,West Terriburgh,AR,2024-05-18,Premium
CUST-000811,brittney26@example.org,Austin,Allen,Turnerburgh,SD,2025-08-20,Basic
CUST-000812,stricklandmichelle@example.net,Patrick,Chen,Richardsonville,DE,2024-04-23,Premium
CUST-000813,gmay@example.org,Andrew,Berry,Hillville,WY,2025-05-01,Standard
CUST-000814,pwashington@example.net,Ryan,Duncan,West Bryanside,HI,2024-12-15,Basic
CUST-000815,longlisa@example.net,Tracy,Stone,Port Karenville,HI,2025-11-14,Basic
CUST-000816,adamwest@example.com,David,Anderson,Lake Evan,OH,2024-08-28,Standard
CUST-000817,millerdavid@example.com,Michael,Stephens,Rowlandtown,IA,2024-09-29,Standard
CUST-000818,donna72@example.net,Tracy,Edwards,Catherinehaven,IL,2025-07-09,Basic
CUST-000819,youngjacob@example.com,Melissa,Lewis,New Andrea,OR,2024-11-11,Premium
CUST-000820,jessicahenderson@example.net,Jonathan,James,South Stephen,KS,2025-07-01,Premium
CUST-000821,amandajones@example.net,Joseph,Schultz,Lake Nathan,TN,2025-06-10,Basic
CUST-000822,roberthernandez@example.com,Nicholas,Maynard,North Joseph,ND,2024-05-13,Basic
CUST-000823,ojones@example.org,Michael,Cook,Dustinbury,KY,2024-03-01,Basic
CUST-000824,opetty@example.com,Stephanie,Patton,East Alishaport,OR,2025-10-15,Premium
CUST-000825,wdavis@example.net,Ashley,Campbell,Catherineton,GA,2024-10-12,Premium
CUST-000826,zwhite@example.net,Erica,Kramer,Woodsberg,KS,2024-02-29,Basic
CUST-000827,dianethomas@example.net,Jill,Brown,Jasminebury,TX,2025-05-12,Standard
CUST-000828,wwhite@example.com,Wayne,Hill,Meyerbury,ME,2025-06-01,Basic
CUST-000829,mezarichard@example.com,Megan,Walters,Lake Johnland,GA,2025-04-18,Basic
CUST-000830,paulangela@example.com,Lindsey,Smith,Rhodesberg,NJ,2025-02-20,Premium
CUST-000831,sullivanchristina@example.net,Adrian,Coleman,Johnhaven,TX,2025-05-13,Basic
CUST-000832,roconnell@example.net,Rebecca,Thompson,Maryhaven,MI,2026-01-19,Premium
CUST-000833,ksimpson@example.com,Tara,Morgan,Port Amber,WI,2025-11-11,Standard
CUST-000834,kevin44@example.org,Aaron,Welch,Robinsonport,SD,2025-03-05,Basic
CUST-000835,wallspatricia@example.com,Brian,Smith,Murphystad,CT,2024-02-26,Standard
CUST-000836,richardsmith@example.com,Travis,Miller,South David,NM,2024-02-28,Basic
CUST-000837,jeremy65@example.com,Michael,Mcclain,Danielmouth,TN,2025-10-28,Standard
CUST-000838,donaldburgess@example.org,Michael,Harrell,North Jake,AZ,2024-05-30,Premium
CUST-000839,cmanning@example.org,Elizabeth,Vaughan,Davidfort,OH,2025-02-19,Basic
CUST-000840,markduran@example.com,Warren,Mclean,Andersonville,WY,2024-03-09,Basic
CUST-000841,mauricesmith@example.net,Joel,Gregory,Russelltown,NE,2025-02-08,Standard
CUST-000842,todd63@example.net,Elijah,Dixon,West Katie,VI,2024-09-02,Premium
CUST-000843,elizabethpatterson@example.com,Jasmine,Patrick,East Victoria,OR,2025-05-27,Standard
CUST-000844,jeromeanderson@example.org,Joshua,Lee,South Andres,ID,2024-04-29,Standard
CUST-000845,jamesalicia@example.net,Cynthia,Hall,Ronaldton,NY,2024-12-31,Premium
CUST-000846,torresjoseph@example.com,Sherry,Dawson,West Patty,HI,2024-03-23,Standard
CUST-000847,guerreromarc@example.com,Thomas,Kerr,South Jackfort,MN,2024-10-24,Standard
CUST-000848,davisalexander@example.net,Kaylee,Anderson,Judithstad,WA,2025-09-14,Basic
CUST-000849,john43@example.net,Patrick,Eaton,Lake Julia,DE,2024-03-23,Standard
CUST-000850,jamesgriffin@example.org,Charles,Payne,Kevinfort,WV,2024-07-19,Basic
CUST-000851,bradleylee@example.net,Jennifer,Snow,Patriciamouth,SC,2025-07-31,Premium
CUST-000852,ajones@example.net,Sarah,Gordon,East Carolberg,LA,2024-03-27,Standard
CUST-000853,bauerheather@example.net,Lisa,Simpson,East Samuelhaven,MS,2025-04-09,Premium
CUST-000854,rmorales@example.org,Jack,Moore,New Heather,FM,2026-01-01,Basic
CUST-000855,ugordon@example.net,Jonathan,Phelps,Jeanetteside,DE,2024-06-27,Basic
CUST-000856,fergusonkelly@example.net,Eddie,Stephenson,West Morgan,AR,2025-06-06,Basic
CUST-000857,veronicaclark@example.org,Aaron,Bailey,Markside,KS,2025-08-03,Standard
CUST-000858,svillanueva@example.com,Tracie,Garrett,Port Michaelview,HI,2024-08-28,Basic
CUST-000859,medinatiffany@example.net,Daniel,Reese,Bautistaview,VI,2025-05-25,Basic
CUST-000860,lisawalker@example.com,James,Soto,Moorebury,VA,2025-08-06,Standard
CUST-000861,eddie71@example.com,Hunter,Lopez,East Ashley,VA,2024-07-03,Standard
CUST-000862,andrew22@example.com,Grace,Lopez,North Ronald,NH,2025-12-18,Standard
CUST-000863,hgarcia@example.org,Jessica,Morton,South Patrickville,GU,2024-03-03,Basic
CUST-000864,andersonkayla@example.com,Douglas,Burton,Port Tammyville,ND,2025-08-14,Basic
CUST-000865,melissa13@example.org,Timothy,Hart,Ochoaport,MA,2025-02-07,Standard
CUST-000866,brianholt@example.net,Amy,Smith,North Amyville,NY,2025-12-01,Standard
CUST-000867,othomas@example.org,Jeremy,Cruz,Dianabury,PW,2025-11-26,Premium
CUST-000868,tmcdaniel@example.org,Travis,Ewing,North Stephanie,LA,2024-11-10,Premium
CUST-000869,david10@example.net,Edward,Patterson,Carolchester,FL,2025-12-06,Standard
CUST-000870,colleen45@example.org,Joseph,Porter,Sarahland,WY,2024-02-24,Standard
CUST-000871,kimberlythomas@example.org,Peter,Griffith,Briggsville,OK,2024-12-31,Premium
CUST-000872,duane52@example.org,Katrina,Gomez,Colemanchester,PA,2025-09-25,Standard
CUST-000873,devon36@example.com,Andrea,Ryan,Patelbury,MS,2024-04-24,Basic
CUST-000874,xrose@example.net,Lisa,Robinson,East Michaelborough,PR,2024-03-06,Basic
CUST-000875,hrosario@example.org,Rhonda,Ward,West Steven,MP,2025-11-07,Basic
CUST-000876,osanchez@example.org,Julie,Wilson,South Jessica,UT,2026-01-28,Standard
CUST-000877,brian19@example.org,Thomas,Wheeler,North Dylan,FL,2024-04-20,Standard
CUST-000878,smithmariah@example.com,Edward,White,Lake Allison,ME,2025-01-31,Premium
CUST-000879,scott04@example.org,Eric,Ibarra,New Karenhaven,GA,2024-03-01,Standard
CUST-000880,dfrazier@example.net,Jennifer,Scott,Jennachester,GA,2024-09-08,Standard
CUST-000881,boydtiffany@example.org,Julia,Morales,East Philipside,PA,2025-10-30,Premium
CUST-000882,pwoods@example.net,Richard,James,Port Nathanchester,ID,2024-09-07,Standard
CUST-000883,millercarrie@example.com,Anthony,Campbell,North Jasontown,WV,2025-12-18,Premium
CUST-000884,andrealittle@example.org,John,Miller,New Valeriefort,AZ,2024-03-29,Standard
CUST-000885,hardingalan@example.com,Karen,Benjamin,West Karen,VA,2024-11-09,Standard
CUST-000886,jacquelinedavis@example.com,Peggy,Gordon,North Brenda,MS,2025-02-05,Standard
CUST-000887,robertsedward@example.com,Christian,Garrett,East Lindsey,SD,2024-06-04,Standard
CUST-000888,victoriamason@example.net,Chelsea,Mills,Sethberg,MA,2024-09-22,Basic
CUST-000889,twilliams@example.net,Paul,Clark,East Ashleyfort,CT,2025-10-03,Basic
CUST-000890,katiecollins@example.org,Victor,Gibson,West Evan,KY,2025-04-19,Standard
CUST-000891,christopher27@example.com,Valerie,Good,Santosberg,DE,2026-02-02,Basic
CUST-000892,swilliams@example.com,Robert,Harvey,South Michael,PR,2025-05-24,Premium
CUST-000893,nathaniel68@example.com,Jose,Hutchinson,New Tiffanyton,WA,2025-09-22,Basic
CUST-000894,mooredaniel@example.com,Eric,Ross,East Paulmouth,TN,2024-05-01,Premium
CUST-000895,imcdonald@example.com,Daniel,White,South Kaylaborough,MO,2024-10-20,Premium
CUST-000896,matthew97@example.org,Jacqueline,Alvarez,Shawnside,FL,2026-01-16,Premium
CUST-000897,danielleflores@example.org,Vanessa,Schroeder,Port Michaelchester,NJ,2024-07-28,Basic
CUST-000898,mirandacisneros@example.net,Rodney,King,North Donald,KY,2024-12-15,Standard
CUST-000899,morgan76@example.net,Jason,Orozco,Port Brian,MH,2025-12-13,Standard
CUST-000900,tabitha42@example.org,Michael,Barnes,Nicholsburgh,UT,2025-01-07,Basic
CUST-000901,jmorrow@example.net,James,Sharp,West Elizabeth,GU,2026-01-09,Premium
CUST-000902,alexis72@example.com,Michelle,Wilson,Bakertown,NV,2026-01-12,Basic
CUST-000903,cynthiafowler@example.net,Connor,Robinson,South Heather,WI,2024-06-23,Standard
CUST-000904,nrobinson@example.org,Teresa,Ray,West Lisatown,ME,2025-12-09,Basic
CUST-000905,lyonsdeborah@example.com,Robert,Bell,Millsmouth,DE,2025-12-31,Basic
CUST-000906,lpatterson@example.net,Brooke,Daniels,Mitchellchester,SC,2024-09-17,Standard
CUST-000907,cowanlinda@example.org,Christopher,Smith,Garciaside,CT,2025-05-31,Standard
CUST-000908,contrerasmelissa@example.org,Jeffrey,Gibson,Wilsonfort,DE,2024-11-05,Premium
CUST-000909,pgutierrez@example.net,Kristen,Foster,Kimberlyhaven,LA,2024-09-05,Premium
CUST-000910,kyle63@example.org,Rachel,Perry,North Ericstad,MP,2025-10-12,Standard
CUST-000911,matthew96@example.org,Angela,Myers,Pooleshire,NE,2024-05-27,Premium
CUST-000912,lmadden@example.com,Rebecca,Holmes,Hallberg,NY,2024-05-19,Standard
CUST-000913,ocameron@example.com,Mary,Moore,Jamesland,AK,2025-01-07,Basic
CUST-000914,anthonyzimmerman@example.org,Ashley,Johnson,South Cynthia,WI,2024-11-10,Premium
CUST-000915,denisewalker@example.org,Amanda,Sanchez,Townsendton,KY,2024-04-23,Standard
CUST-000916,courtneylittle@example.net,Michelle,Rodriguez,North Donaldview,MH,2024-07-04,Basic
CUST-000917,snydermichael@example.org,Peter,Henry,South Charlesland,IL,2025-07-09,Basic
CUST-000918,opreston@example.com,Lindsey,White,East Donnaton,DE,2026-02-05,Standard
CUST-000919,timothy99@example.net,Adam,Boyd,Saraborough,PA,2024-03-15,Standard
CUST-000920,holmeskathleen@example.org,Michelle,Wilson,North Mark,IN,2024-04-23,Basic
CUST-000921,josepholson@example.org,Michael,Arnold,Stuartfort,NE,2025-03-03,Basic
CUST-000922,qnielsen@example.org,James,Mathis,Suzanneville,OR,2025-09-24,Standard
CUST-000923,gabriel37@example.com,Nicole,Henderson,Lisaville,PA,2024-11-29,Standard
CUST-000924,ashleybrooks@example.net,Lori,Cole,New Johnnychester,LA,2025-05-09,Basic
CUST-000925,raymond12@example.com,Ruben,Lopez,North Jason,MN,2024-11-20,Basic
CUST-000926,david50@example.net,Mark,Marshall,Rachelside,CA,2024-11-30,Standard
CUST-000927,alisongarcia@example.com,Jennifer,Shah,New Patriciachester,TX,2025-08-28,Standard
CUST-000928,lisa33@example.org,Leah,Jimenez,Robertville,NV,2024-06-27,Basic
CUST-000929,brittany39@example.org,Justin,Schneider,South Justinfurt,AZ,2025-12-08,Standard
CUST-000930,rogersallen@example.com,Cody,Lang,Joshuastad,MO,2024-04-21,Standard
CUST-000931,troy06@example.com,Heather,Gibson,Port Nathanielville,AK,2024-08-04,Standard
CUST-000932,taylorvictoria@example.net,Jennifer,Perez,East Jenniferstad,GU,2025-12-14,Standard
CUST-000933,villamiranda@example.com,Nicole,Williams,West Charlesmouth,UT,2025-05-15,Premium
CUST-000934,knelson@example.org,Brandy,Wilson,Michelleshire,FM,2025-11-05,Premium
CUST-000935,qwalsh@example.org,Aimee,Allen,Stanleyview,MD,2025-09-09,Basic
CUST-000936,qperez@example.com,Jennifer,Gomez,Lake Deborah,PR,2024-07-22,Premium
CUST-000937,jonestroy@example.org,Alexander,Robinson,Lopezville,MA,2024-07-24,Standard
CUST-000938,kathleen47@example.net,Eric,Wagner,East Sabrina,MS,2026-02-04,Premium
CUST-000939,kimberlylopez@example.com,Rodney,Parks,East Stevenville,WA,2024-05-13,Basic
CUST-000940,shannonjacob@example.org,Thomas,Schmidt,Josephside,CO,2024-11-08,Basic
CUST-000941,edwardshaw@example.net,Matthew,Alexander,Coreyfurt,VA,2026-01-01,Basic
CUST-000942,kellypowell@example.net,Joshua,Lawson,Rodriguezton,SD,2024-08-22,Premium
CUST-000943,robinsonbrian@example.org,Barbara,Allen,West Jeremyfurt,MO,2024-12-06,Premium
CUST-000944,jessicasuarez@example.com,Tyler,Jackson,West Dana,VT,2025-05-03,Premium
CUST-000945,daviswesley@example.net,Christy,Stevenson,East Leslie,CA,2024-06-23,Basic
CUST-000946,rachel20@example.net,Thomas,Cook,West Nicole,GA,2025-07-03,Standard
CUST-000947,wheelertara@example.net,Aaron,Marks,Rodrigueztown,OK,2025-07-04,Standard
CUST-000948,mary88@example.org,Kari,Rowe,West Lindamouth,NV,2025-02-15,Basic
CUST-000949,veronica47@example.com,Michael,Smith,Kevinmouth,MH,2025-03-07,Basic
CUST-000950,rrodriguez@example.net,Jessica,Smith,Chaseberg,MI,2025-02-20,Basic
CUST-000951,beckydominguez@example.com,Michael,Garner,South Danielle,KY,2025-11-25,Basic
CUST-000952,harcher@example.org,Joseph,Shelton,Peterchester,KY,2024-10-06,Standard
CUST-000953,rileyjacqueline@example.net,David,Pope,Keithtown,NM,2025-12-31,Premium
CUST-000954,stevenhernandez@example.com,Cindy,Beck,Tommyland,AS,2024-09-25,Premium
CUST-000955,swilliams@example.net,David,Freeman,South Michaeltown,AR,2024-08-24,Standard
CUST-000956,natasha88@example.org,Stephanie,Reeves,Lake James,OR,2025-12-25,Premium
CUST-000957,jeffery75@example.org,Lisa,Walsh,Rossville,MH,2024-08-31,Standard
CUST-000958,carla29@example.com,Erika,Morris,Lake Katrina,KS,2024-06-01,Premium
CUST-000959,kevinmiller@example.net,Sara,Murray,South Kimberly,MP,2025-01-07,Standard
CUST-000960,alishabenson@example.net,Sarah,Marquez,Gomezmouth,MT,2026-01-25,Premium
CUST-000961,jjohnson@example.org,Susan,Fisher,New Rebecca,WY,2024-08-18,Basic
CUST-000962,david89@example.com,Brian,Bruce,South Elizabeth,NH,2025-10-05,Basic
CUST-000963,fcombs@example.org,Joseph,Andersen,West Brookeport,OK,2025-02-08,Premium
CUST-000964,michelle19@example.net,William,Love,New Douglas,WA,2026-01-30,Standard
CUST-000965,jeffreylowe@example.org,Kevin,Collins,Port Toddborough,DE,2024-04-12,Premium
CUST-000966,cassandramartinez@example.org,John,Garcia,Port Williamfurt,AR,2025-12-30,Premium
CUST-000967,richard23@example.net,Jorge,Salazar,Villarrealville,NE,2024-06-08,Basic
CUST-000968,lopezlori@example.net,John,Hunt,South Timothy,LA,2025-06-24,Standard
CUST-000969,rrichardson@example.com,Paul,Marsh,Butlerchester,FL,2024-03-14,Basic
CUST-000970,ywilson@example.org,Beverly,Johnson,Williamsstad,DC,2025-01-30,Premium
CUST-000971,khill@example.com,Vincent,Callahan,West Rachel,NC,2024-12-04,Basic
CUST-000972,thompsonedward@example.net,Jennifer,Morgan,West Kristen,TN,2024-10-01,Standard
CUST-000973,pjones@example.com,Nicholas,Ruiz,New Jeanette,NY,2025-09-11,Premium
CUST-000974,david59@example.net,Michael,Williamson,Jonestown,PR,2025-08-11,Premium
CUST-000975,colinrodriguez@example.net,Thomas,Wolf,North Rachel,HI,2025-08-08,Basic
CUST-000976,acampos@example.org,Bryan,King,Port Karenmouth,WV,2024-11-22,Standard
CUST-000977,mcleanmanuel@example.net,Shannon,Anderson,East Johnny,NV,2025-07-03,Standard
CUST-000978,jamesmartin@example.net,Lindsey,Lee,Lake Susanville,IL,2024-03-18,Standard
CUST-000979,patriciaward@example.com,Ashley,Lin,Jacobhaven,NM,2024-07-10,Standard
CUST-000980,ashleywells@example.com,Michael,Yoder,Port Carlos,NE,2025-05-25,Standard
CUST-000981,carrolldavid@example.net,Kenneth,Wilson,North Carolyn,MA,2024-03-10,Premium
CUST-000982,sandra46@example.net,Michael,Brennan,West Charles,OK,2024-08-17,Premium
CUST-000983,reginald08@example.net,Patricia,Aguilar,Deniseton,MA,2024-12-27,Standard
CUST-000984,matthewhubbard@example.org,James,Montoya,Sandraton,IA,2025-02-17,Standard
CUST-000985,reedchad@example.com,Carly,Salazar,New Timothyberg,KY,2025-08-04,Premium
CUST-000986,johnsonwilliam@example.net,Michael,Woods,North Sarah,AK,2025-09-10,Premium
CUST-000987,amandadalton@example.net,Frances,Smith,Williamsfurt,UT,2024-05-24,Standard
CUST-000988,hdunn@example.com,David,Gilbert,Michaelmouth,NE,2025-12-25,Standard
CUST-000989,jessechapman@example.org,Robert,Goodwin,Port Alexisbury,GU,2024-04-04,Premium
CUST-000990,martinezhenry@example.org,Lee,Morrison,West David,MO,2025-02-06,Basic
CUST-000991,douglascharles@example.net,Jamie,Thornton,Priscillabury,NV,2025-07-28,Basic
CUST-000992,kimberly43@example.net,Patricia,Flores,North Michaelchester,VT,2026-01-17,Basic
CUST-000993,nramirez@example.org,Maureen,Meyer,Judyborough,DE,2024-11-21,Premium
CUST-000994,barryyoung@example.com,Debra,Chavez,North Victorton,KY,2024-09-13,Premium
CUST-000995,fevans@example.org,Joshua,Lynch,Smithfurt,MS,2025-01-12,Premium
CUST-000996,jamielopez@example.com,Amanda,Guerrero,New Kathryntown,PW,2025-05-12,Basic
CUST-000997,sandra49@example.org,Katherine,Peterson,Glennton,AS,2024-05-12,Standard
CUST-000998,rfarley@example.com,Michele,Hurley,Colemanshire,WI,2025-03-08,Premium
CUST-000999,susanmcdonald@example.org,David,Smith,Christopherbury,WI,2025-03-25,Premium
CUST-001000,ashley09@example.com,Michael,Hopkins,North Kurtmouth,MP,2024-09-03,Premium
